시도,군구,주소,충전소명,시설구분(대),시설구분(소),기종(대),기종(소),운영기관(대),운영기관(소),급속충전량,충전기타입,이용자제한,위도경도
서울특별시,강서구,서울특별시 강서구 가로공원로 189,가로공원로 지하공영주차장,주차시설,공영주차장,급속,급속(50kW),환경부,환경부(협회),급속(50kW),DC차데모+AC3상+DC콤보,이용가능,"37.5372628,126.8383789"
서울특별시,강서구,서울특별시 강서구 강서로5길 50,곰달래문화복지센터 공영주차장,주차시설,공영주차장,급속,급속(50kW),환경부,환경부(협회),급속(50kW),DC차데모+AC3상+DC콤보,이용가능,"37.5289561,126.8490887"
서울특별시,강서구,서울특별시 강서구 까치산로4길 22,볏골공원 지하공영주차장,주차시설,공영주차장,급속,급속(50kW),환경부,환경부(협회),급속(50kW),DC차데모+AC3상+DC콤보,이용가능,"37.5419747,126.8444499"
서울특별시,강서구,서울특별시 강서구 우장산로 114,화곡6-1 공영주차장,주차시설,공영주차장,급속,급속(50kW),환경부,환경부(협회),급속(50kW),DC차데모+AC3상+DC콤보,이용가능,"37.5530457,126.8488169"
서울특별시,관악구,서울특별시 관악구 관천로 98,신림동 제1공영주차장,주차시설,공영주차장,급속,급속(50kW),환경부,환경부(협회),급속(50kW),DC차데모+AC3상+DC콤보,이용가능,"37.4874046,126.9235075"
서울특별시,관악구,서울특별시 관악구 난곡로34길 71,난곡동 제1공영주차장,주차시설,공영주차장,급속,급속(50kW),환경부,환경부(협회),급속(50kW),DC차데모+AC3상+DC콤보,이용가능,"37.4722977,126.9231169"
서울특별시,관악구,서울특별시 관악구 낙성대로4가길 5,낙성대동주민센터,기타시설,공중전화부스,급속,급속(50kW),환경부,환경부(협회),급속(50kW),DC차데모+AC3상+DC콤보,이용가능,"37.476296,126.9583876"
서울특별시,관악구,서울특별시 관악구 봉천로21길 38,보라매 제1공영주차장,주차시설,공영주차장,급속,급속(50kW),환경부,환경부(협회),급속(50kW),DC차데모+AC3상+DC콤보,이용가능,"37.488301,126.9346119"
서울특별시,관악구,서울특별시 관악구 봉천로21길 38,보라매 제1공영주차장,주차시설,공영주차장,급속,급속(50kW),환경부,환경부(협회),급속(50kW),DC차데모+AC3상+DC콤보,이용가능,"37.488301,126.9346119"
서울특별시,관악구,서울특별시 관악구 양지길 63,원신 공영주차장,주차시설,공영주차장,급속,급속(50kW),환경부,환경부(협회),급속(50kW),DC차데모+AC3상+DC콤보,이용가능,"37.470038,126.9292421"
서울특별시,광진구,서울특별시 광진구 능동로 216,어린이대공원 후문주차장,관광시설,관광지,급속,급속(50kW),환경부,환경부(협회),급속(50kW),DC차데모+AC3상+DC콤보,이용가능,"37.5515067,127.0869275"
서울특별시,노원구,서울특별시 노원구 노원로 330,롯데마트 중계점,상업시설,마트(쇼핑몰),급속,급속(50kW),환경부,환경부(협회),급속(50kW),DC차데모+AC3상+DC콤보,이용가능,"37.6466673,127.0715514"
서울특별시,마포구,서울특별시 마포구 토정로 2,양화진공영주차장,주차시설,공영주차장,급속,급속(50kW),환경부,환경부(협회),급속(50kW),DC차데모+AC3상+DC콤보,이용가능,"37.5457992,126.9117265"
서울특별시,마포구,서울특별시 마포구 효창목길 31,공덕1-1공영주차장,주차시설,공영주차장,급속,급속(50kW),환경부,환경부(협회),급속(50kW),DC차데모+AC3상+DC콤보,이용가능,"37.5473528,126.9608694"
서울특별시,서대문구,서울특별시 서대문구 홍제내길 227,홍제견인차량보관소 주차장,공공시설,지자체시설,급속,급속(50kW),환경부,환경부(협회),급속(50kW),DC차데모+AC3상+DC콤보,이용가능,"37.5905929,126.9407564"
서울특별시,서대문구,서울특별시 서대문구 홍제내길 227,홍제견인차량보관소 주차장,공공시설,지자체시설,급속,급속(50kW),환경부,환경부(협회),급속(50kW),DC차데모+AC3상+DC콤보,이용가능,"37.5905929,126.9407564"
서울특별시,서초구,서울특별시 서초구 양재대로12길 74,서울추모공원,공공시설,지자체시설,급속,급속(50kW),환경부,환경부(협회),급속(50kW),DC차데모+AC3상+DC콤보,이용가능,"37.4536062,127.0428005"
서울특별시,송파구,서울특별시 송파구 잠실동 84,아시아공원 공영주차장,주차시설,공영주차장,급속,급속(50kW),환경부,환경부(협회),급속(50kW),DC차데모+AC3상+DC콤보,이용가능,"37.5102969,127.0788121"
서울특별시,송파구,서울특별시 송파구 잠실동 84,아시아공원 공영주차장,주차시설,공영주차장,급속,급속(50kW),환경부,환경부(협회),급속(50kW),DC차데모+AC3상+DC콤보,이용가능,"37.5102969,127.0788121"
서울특별시,송파구,서울특별시 송파구 잠실동 84,아시아공원 공영주차장,주차시설,공영주차장,급속,급속(50kW),환경부,환경부(협회),급속(50kW),DC차데모+AC3상+DC콤보,이용가능,"37.5102969,127.0788121"
서울특별시,송파구,서울특별시 송파구 중대로 80,롯데마트 송파점,상업시설,마트(쇼핑몰),급속,급속(50kW),환경부,환경부(협회),급속(50kW),DC차데모+AC3상+DC콤보,이용가능,"37.4918392,127.1178931"
서울특별시,영등포구,서울특별시 영등포구 신길동 3203,신길6동 공영노외주차장(구 신길 제5동 주민센터),기타시설,공중전화부스,급속,급속(50kW),환경부,환경부(협회),급속(50kW),DC차데모+AC3상+DC콤보,이용가능,"37.502512989,126.9110497"
서울특별시,은평구,서울특별시 은평구 수색로 342-1,현대자동차 수색대리점,차량정비시설,서비스센터,급속,급속(50kW),환경부,환경부(협회),급속(50kW),DC차데모+AC3상+DC콤보,이용가능,"37.5867665,126.8880299"
서울특별시,종로구,서울특별시 종로구 인사동5길 29,태화빌딩,공동주택시설,사업장(사옥),급속,급속(50kW),환경부,환경부(협회),급속(50kW),DC차데모+AC3상+DC콤보,이용가능,"37.5718148,126.9850443"
서울특별시,중랑구,서울특별시 중랑구 용마산로 250-12,용마폭포공원 공영주차장,주차시설,공영주차장,급속,급속(50kW),환경부,환경부(협회),급속(50kW),DC차데모+AC3상+DC콤보,이용가능,"37.5745068,127.089592"
제주특별자치도,서귀포시,제주특별자치도 서귀포시 남원읍 남원리 84-2,남원읍 공영주차장,주차시설,공영주차장,급속,급속(50kW),환경부,환경부(협회),급속(50kW),DC차데모+AC3상+DC콤보,이용가능,"33.2788596,126.7215389"
제주특별자치도,서귀포시,제주특별자치도 서귀포시 남원읍 중산간동로 6862,위미의례회관,공공시설,지자체시설,급속,급속(50kW),환경부,환경부(협회),급속(50kW),DC차데모+AC3상+DC콤보,이용가능,"33.289615,126.6576261"
제주특별자치도,서귀포시,제주특별자치도 서귀포시 대정읍 하모리 964-2,대정감협 인근 공영주차장,주차시설,공영주차장,급속,급속(50kW),환경부,환경부(협회),급속(50kW),DC차데모+AC3상+DC콤보,이용가능,"33.2229485,126.2519076"
제주특별자치도,서귀포시,제주특별자치도 서귀포시 법환동 870,월드컵경기장 인근 공영주차장,주차시설,공영주차장,급속,급속(50kW),환경부,환경부(협회),급속(50kW),DC차데모+AC3상+DC콤보,이용가능,"33.2475057,126.510693"
제주특별자치도,서귀포시,제주특별자치도 서귀포시 색달동 2889-1,중문 관광단지,관광시설,관광지,급속,급속(50kW),환경부,환경부(협회),급속(50kW),DC차데모+AC3상+DC콤보,이용가능,"33.2461812,126.4143365"
제주특별자치도,서귀포시,제주특별자치도 서귀포시 색달동 2889-1,중문 관광단지,관광시설,관광지,급속,급속(50kW),환경부,환경부(협회),급속(50kW),DC차데모+AC3상+DC콤보,이용가능,"33.2461812,126.4143365"
제주특별자치도,서귀포시,제주특별자치도 서귀포시 색달동 2889-1,중문 관광단지,관광시설,관광지,급속,급속(50kW),환경부,환경부(협회),급속(50kW),DC차데모+AC3상+DC콤보,이용가능,"33.2461812,126.4143365"
제주특별자치도,서귀포시,제주특별자치도 서귀포시 색달동 2889-1,중문 관광단지,관광시설,관광지,급속,급속(50kW),환경부,환경부(협회),급속(50kW),DC차데모+AC3상+DC콤보,이용가능,"33.2461812,126.4143365"
제주특별자치도,서귀포시,제주특별자치도 서귀포시 색달동 2889-1,중문 관광단지,관광시설,관광지,급속,급속(50kW),환경부,환경부(협회),급속(50kW),DC차데모+AC3상+DC콤보,이용가능,"33.2461812,126.4143365"
제주특별자치도,서귀포시,제주특별자치도 서귀포시 서귀동 291-2,중앙공영주차장(우리은행 서귀포점 인근 공영주차장),주차시설,공영주차장,급속,급속(50kW),환경부,환경부(협회),급속(50kW),DC차데모+AC3상+DC콤보,이용가능,"33.2500815,126.5619961"
제주특별자치도,서귀포시,제주특별자치도 서귀포시 서귀동 600-3,서귀포성당 뒤 주차장,주차시설,공영주차장,급속,급속(50kW),환경부,환경부(협회),급속(50kW),DC차데모+AC3상+DC콤보,이용가능,"33.2436487,126.5628543"
제주특별자치도,서귀포시,제주특별자치도 서귀포시 서호동 1603,국토교통부 인재개발원 앞 주차장,주차시설,공영주차장,급속,급속(50kW),환경부,환경부(협회),급속(50kW),DC차데모+AC3상+DC콤보,이용가능,"33.2525105,126.5157736"
제주특별자치도,서귀포시,제주특별자치도 서귀포시 서홍동 666-1,천지연폭포주차장,주차시설,공영주차장,급속,급속(50kW),환경부,환경부(협회),급속(50kW),DC차데모+AC3상+DC콤보,이용가능,"33.2448877,126.5601172"
제주특별자치도,서귀포시,제주특별자치도 서귀포시 서홍동 666-1,천지연폭포주차장,주차시설,공영주차장,급속,급속(50kW),환경부,환경부(협회),급속(50kW),DC차데모+AC3상+DC콤보,이용가능,"33.2448877,126.5601172"
제주특별자치도,서귀포시,제주특별자치도 서귀포시 성산읍 고성리 327-1,성산읍 공영주차장,주차시설,공영주차장,급속,급속(50kW),환경부,환경부(협회),급속(50kW),DC차데모+AC3상+DC콤보,이용가능,"33.4486744,126.9168778"
제주특별자치도,서귀포시,제주특별자치도 서귀포시 성산읍 일출로 284-6,성산일출봉 공영주차장,주차시설,공영주차장,급속,급속(50kW),환경부,환경부(협회),급속(50kW),DC차데모+AC3상+DC콤보,이용가능,"33.4619365,126.9355814"
제주특별자치도,서귀포시,제주특별자치도 서귀포시 성산읍 일출로 284-6,성산일출봉 공영주차장,주차시설,공영주차장,급속,급속(50kW),환경부,환경부(협회),급속(50kW),DC차데모+AC3상+DC콤보,이용가능,"33.4619365,126.9355814"
제주특별자치도,서귀포시,제주특별자치도 서귀포시 안덕면 화순리 1072,안덕우체국 뒤 주차장,주차시설,일반주차장,급속,급속(50kW),환경부,환경부(협회),급속(50kW),DC차데모+AC3상+DC콤보,이용가능,"33.2461667,126.3354232"
제주특별자치도,서귀포시,제주특별자치도 서귀포시 중앙로62번길 18,서귀포시 매일시장 공영주차장,주차시설,공영주차장,급속,급속(50kW),환경부,환경부(협회),급속(50kW),DC차데모+AC3상+DC콤보,이용가능,"33.2502780,126.5630572"
제주특별자치도,서귀포시,제주특별자치도 서귀포시 표선면 민속해안로 631-45,표선민속마을 해비치 해변 공영주차장,주차시설,공영주차장,급속,급속(50kW),환경부,환경부(협회),급속(50kW),DC차데모+AC3상+DC콤보,이용가능,"33.3250076,126.8419570"
제주특별자치도,서귀포시,제주특별자치도 서귀포시 표선면 민속해안로 631-45,표선민속마을 해비치 해변 공영주차장,주차시설,공영주차장,급속,급속(50kW),환경부,환경부(협회),급속(50kW),DC차데모+AC3상+DC콤보,이용가능,"33.3250076,126.8419570"
제주특별자치도,서귀포시,제주특별자치도 서귀포시 표선면 민속해안로 631-45,표선민속마을 해비치 해변 공영주차장,주차시설,공영주차장,급속,급속(50kW),환경부,환경부(협회),급속(50kW),DC차데모+AC3상+DC콤보,이용가능,"33.3250076,126.8419570"
제주특별자치도,서귀포시,제주특별자치도 서귀포시 표선면 민속해안로 631-45,표선민속마을 해비치 해변 공영주차장,주차시설,공영주차장,급속,급속(50kW),환경부,환경부(협회),급속(50kW),DC차데모+AC3상+DC콤보,이용가능,"33.3250076,126.8419570"
제주특별자치도,서귀포시,제주특별자치도 서귀포시 표선면 민속해안로 631-45,표선민속마을 해비치 해변 공영주차장,주차시설,공영주차장,급속,급속(50kW),환경부,환경부(협회),급속(50kW),DC차데모+AC3상+DC콤보,이용가능,"33.3250076,126.8419570"
제주특별자치도,서귀포시,제주특별자치도 서귀포시 표선면 표선리 2103,표선 의례회관 앞 공영주차장,주차시설,공영주차장,급속,급속(50kW),환경부,환경부(협회),급속(50kW),DC차데모+AC3상+DC콤보,이용가능,"33.3272826,126.8233934"
제주특별자치도,서귀포시,제주특별자치도 서귀포시 회수동 788-2,회수사거리 인근 공영주차장,주차시설,공영주차장,급속,급속(50kW),환경부,환경부(협회),급속(50kW),DC차데모+AC3상+DC콤보,이용가능,"33.2631165,126.4425962"
제주특별자치도,제주시,제주특별자치도 제주시 구좌읍 세화리 1500-41 ,세화민속오일장 인근 주차장,주차시설,공영주차장,급속,급속(50kW),환경부,환경부(협회),급속(50kW),DC차데모+AC3상+DC콤보,이용가능,"33.5251575,126.8564805"
제주특별자치도,제주시,제주특별자치도 제주시 구좌읍 일주동로 2706-40,용암해수산업화지원센터,공공시설,지자체시설,급속,급속(50kW),환경부,환경부(협회),급속(50kW),DC차데모+AC3상+DC콤보,이용가능,"33.5425723,126.8125030"
제주특별자치도,제주시,제주특별자치도 제주시 백포서길 9,이호동 주민센터,공공시설,주민센터,급속,급속(50kW),환경부,환경부(협회),급속(50kW),DC차데모+AC3상+DC콤보,이용가능,"33.5000077,126.4580641"
제주특별자치도,제주시,제주특별자치도 제주시 산천단 동3길 2,한국폴리텍대학 제주캠퍼스,교육문화시설,학교,급속,급속(50kW),환경부,환경부(협회),급속(50kW),DC차데모+AC3상+DC콤보,이용가능,"33.4464702,126.5613493"
제주특별자치도,제주시,제주특별자치도 제주시 수목원길 72,한라수목원,관광시설,관광지,급속,급속(50kW),환경부,환경부(협회),급속(50kW),DC차데모+AC3상+DC콤보,이용가능,"33.4689590,126.4904649"
제주특별자치도,제주시,제주특별자치도 제주시 아라동 3008-1,탐라중학교 공영주차장,주차시설,공영주차장,급속,급속(50kW),환경부,환경부(협회),급속(50kW),DC차데모+AC3상+DC콤보,이용가능,"33.4916128,126.5441329"
제주특별자치도,제주시,제주특별자치도 제주시 아라동 6140-4,아라지구 공영주차장,주차시설,공영주차장,급속,급속(50kW),환경부,환경부(협회),급속(50kW),DC차데모+AC3상+DC콤보,이용가능,"33.4701368,126.5467655"
제주특별자치도,제주시,제주특별자치도 제주시 애월읍 상가리 1196-1,상가리사무소,공공시설,주민센터,급속,급속(50kW),환경부,환경부(협회),급속(50kW),DC차데모+AC3상+DC콤보,이용가능,"33.4497188,126.3457119"
제주특별자치도,제주시,제주특별자치도 제주시 오일장서길 26,제주시 민속오일시장 6주차장,주차시설,공영주차장,급속,급속(50kW),환경부,환경부(협회),급속(50kW),DC차데모+AC3상+DC콤보,이용가능,"33.4965694,126.4738058"
제주특별자치도,제주시,제주특별자치도 제주시 외도1동 482-1,외도구획정리지구 공영주차장,주차시설,공영주차장,급속,급속(50kW),환경부,환경부(협회),급속(50kW),DC차데모+AC3상+DC콤보,이용가능,"33.4897367,126.4327280"
제주특별자치도,제주시,제주특별자치도 제주시 이도1동 1293-1 ,삼성혈 인근 공영주차장,주차시설,공영주차장,급속,급속(50kW),환경부,환경부(협회),급속(50kW),DC차데모+AC3상+DC콤보,이용가능,"33.5045526,126.5305231"
제주특별자치도,제주시,제주특별자치도 제주시 중앙로25길 17,이도주민센터,공공시설,주민센터,급속,급속(50kW),환경부,환경부(협회),급속(50kW),DC차데모+AC3상+DC콤보,이용가능,"33.5067775,126.5269694"
제주특별자치도,제주시,제주특별자치도 제주시 일도2동 488-1,모로왓 제1 공영주차장,주차시설,공영주차장,급속,급속(50kW),환경부,환경부(협회),급속(50kW),DC차데모+AC3상+DC콤보,이용가능,"33.5101615,126.5434972"
제주특별자치도,제주시,제주특별자치도 제주시 조천읍 중산간동로 601,제주시 상하수도본부,공공시설,지자체시설,급속,급속(50kW),환경부,환경부(협회),급속(50kW),DC차데모+AC3상+DC콤보,이용가능,"33.4997499,126.6496365"
제주특별자치도,제주시,제주특별자치도 제주시 하귀1리 176-3,하귀1지구 공영주차장,주차시설,공영주차장,급속,급속(50kW),환경부,환경부(협회),급속(50kW),DC차데모+AC3상+DC콤보,이용가능,"33.4855867,126.414308"
제주특별자치도,제주시,제주특별자치도 제주시 한경면 신창리 233-1,한경도서관 앞 주차장,근린생활시설,도서관,급속,급속(50kW),환경부,환경부(협회),급속(50kW),DC차데모+AC3상+DC콤보,이용가능,"33.3498370,126.1844929"
제주특별자치도,제주시,제주특별자치도 제주시 한림읍 금능리 2018,한림공원 인근 공영주차장,주차시설,공영주차장,급속,급속(50kW),환경부,환경부(협회),급속(50kW),DC차데모+AC3상+DC콤보,이용가능,"33.3907442,126.2375658"
제주특별자치도,제주시,제주특별자치도 제주시 한림읍 한림중앙로 71-9,한림읍체육관 주차장,공공시설,지자체시설,급속,급속(50kW),환경부,환경부(협회),급속(50kW),DC차데모+AC3상+DC콤보,이용가능,"33.4095165,126.2696447"
제주특별자치도,제주시,제주특별자치도 제주시 한림읍 한림중앙로 71-9,한림읍체육관 주차장,공공시설,지자체시설,급속,급속(50kW),환경부,환경부(협회),급속(50kW),DC차데모+AC3상+DC콤보,이용가능,"33.4095165,126.2696447"
제주특별자치도,제주시,제주특별자치도 제주시 한림읍 한림중앙로 71-9,한림읍체육관 주차장,공공시설,지자체시설,급속,급속(50kW),환경부,환경부(협회),급속(50kW),DC차데모+AC3상+DC콤보,이용가능,"33.4095165,126.2696447"
제주특별자치도,제주시,제주특별자치도 제주시 화북1동 1976-6,화북동주민센터,공공시설,주민센터,급속,급속(50kW),환경부,환경부(협회),급속(50kW),DC차데모+AC3상+DC콤보,이용가능,"33.5204343,126.5651172"
전라남도,강진군,전라남도 강진군 군동면 종합운동장 60,강진국민체육센터,공공시설,지자체시설,급속,급속(50kW),환경부,환경부(협회),급속(50kW),DC차데모+AC3상+DC콤보,이용가능,"34.6456444,126.7812307"
전라남도,구례군,전라남도 구례군 구례읍 봉북리 1423-1,구례실내수영장,공공시설,지자체시설,급속,급속(50kW),환경부,환경부(협회),급속(50kW),DC차데모+AC3상+DC콤보,이용가능,"35.2160563,127.4669052"
전라남도,신안군,전라남도 신안군 압해읍 학교리 585,압해읍사무소,공공시설,주민센터,급속,급속(50kW),환경부,환경부(협회),급속(50kW),DC차데모+AC3상+DC콤보,이용가능,"34.8654674,126.3127835"
경상북도,문경시,경상북도 문경시 모전동 220,문경시청,공공시설,관공서,급속,급속(50kW),환경부,환경부(협회),급속(50kW),DC차데모+AC3상+DC콤보,이용가능,"36.5861467,128.1876744"
경상북도,봉화군,경상북도 봉화군 봉화읍 내성리 231-30,구시장 주차장,주차시설,일반주차장,급속,급속(50kW),환경부,환경부(협회),급속(50kW),DC차데모+AC3상+DC콤보,이용가능,"36.88931520,128.73893050"
경상북도,영주시,경상북도 영주시 영주동 27-2,영주1동 행정복지센터,공공시설,지자체시설,급속,급속(50kW),환경부,환경부(협회),급속(50kW),DC차데모+AC3상+DC콤보,이용가능,"36.8265386,128.6199281"
강원특별자치도,속초시,강원특별자치도 속초시 중앙동 468-12,속초시청 길건너 공영주차장,주차시설,공영주차장,급속,급속(50kW),환경부,환경부(협회),급속(50kW),DC차데모+AC3상+DC콤보,이용가능,"38.2063563,128.5926741"
강원특별자치도,태백시,강원특별자치도 태백시 황지동 244-3,태백시청 후문 주차장,공공시설,관공서,급속,급속(50kW),환경부,환경부(협회),급속(50kW),DC차데모+AC3상+DC콤보,이용가능,"37.1649926,128.9859241"
강원특별자치도,화천군,강원특별자치도 화천군 화천읍 산천어길 79,화천청소년수련관 주차장,주차시설,일반주차장,급속,급속(50kW),환경부,환경부(협회),급속(50kW),DC차데모+AC3상+DC콤보,이용가능,"38.108009,127.712129"
부산광역시,중구,부산광역시 중구 대청로 116번길 3,용두산 공영주차장,주차시설,공영주차장,급속,급속(50kW),환경부,환경부(협회),급속(50kW),DC차데모+AC3상+DC콤보,이용가능,"35.1023192,129.0326838"
충청남도,논산시,충청남도 논산시 내동 825,논산시청 앞 공영주차장,주차시설,공영주차장,급속,급속(50kW),환경부,환경부(협회),급속(50kW),DC차데모+AC3상+DC콤보,이용가능,"36.1860463,127.0986431"
충청북도,보은군,충청북도 보은군 보은읍 성주리 288-6,보은군청앞 스포츠사업단 대형주차장,주차시설,일반주차장,급속,급속(50kW),환경부,환경부(협회),급속(50kW),DC차데모+AC3상+DC콤보,이용가능,"36.4910864,127.7304676"
인천광역시,강화군,인천광역시 강화군 강화읍 갑곳리 849,강화풍물시장 공영주차장,주차시설,공영주차장,급속,급속(50kW),환경부,환경부(협회),급속(50kW),DC차데모+AC3상+DC콤보,이용가능,"37.7404676,126.4919478"
인천광역시,계양구,인천광역시 계양구 계산동 1060,계산1택지 공영주차장,주차시설,공영주차장,급속,급속(50kW),환경부,환경부(협회),급속(50kW),DC차데모+AC3상+DC콤보,이용가능,"37.5403704,126.7371598"
인천광역시,서구,인천광역시 서구 원삭로 160,㈜현대자동차 블루핸즈 서인천 서비스 주차장 입구,차량정비시설,서비스센터,급속,급속(50kW),환경부,환경부(협회),급속(50kW),DC차데모+AC3상+DC콤보,이용가능,"37.5098505,126.6431027"
인천광역시,옹진군,인천광역시 옹진군 영흥면 내리 8-165,영흥수산물직판장 주차장,주차시설,일반주차장,급속,급속(50kW),환경부,환경부(협회),급속(50kW),DC차데모+AC3상+DC콤보,이용가능,"37.2551047,126.4981467"
인천광역시,중구,인천광역시 중구 도원동 5-7,도원역 부근 공영주차장,주차시설,공영주차장,급속,급속(50kW),환경부,환경부(협회),급속(50kW),DC차데모+AC3상+DC콤보,이용가능,"37.4670488,126.6425376"
경기도,과천시,경기도 과천시 갈현동 679,갈현동 주민센터 주차장,공공시설,주민센터,급속,급속(50kW),환경부,환경부(협회),급속(50kW),DC차데모+AC3상+DC콤보,이용가능,"37.4195192,126.9897337"
경기도,광주시,경기도 광주시 중앙로 103-5,경안시장 공영주차장,주차시설,공영주차장,급속,급속(50kW),환경부,환경부(협회),급속(50kW),DC차데모+AC3상+DC콤보,이용가능,"37.4087438,127.2587731"
경기도,남양주시,경기도 남양주시 금곡동 185-10,남양주 시청,공공시설,관공서,급속,급속(50kW),환경부,환경부(협회),급속(50kW),DC차데모+AC3상+DC콤보,이용가능,"37.6363052,127.2177977"
경기도,부천시,경기도 부천시 오정동 129,오정어울마당,공동주택시설,사업장(사옥),급속,급속(50kW),환경부,환경부(협회),급속(50kW),DC차데모+AC3상+DC콤보,이용가능,"37.5283273,126.7951384"
경기도,성남시,경기도 성남시 분당구 삼평동 741,롯데마트 판교점,상업시설,마트(쇼핑몰),급속,급속(50kW),환경부,환경부(협회),급속(50kW),DC차데모+AC3상+DC콤보,이용가능,"37.3951635,127.1139873"
경기도,성남시,경기도 성남시 분당구 성남대로 808,성남아트센터 옥외주차장,주차시설,공영주차장,급속,급속(50kW),환경부,환경부(협회),급속(50kW),DC차데모+AC3상+DC콤보,이용가능,"37.3996125,127.1302612"
경기도,시흥시,경기도 시흥시 장곡동 724-32,갯골생태공원,관광시설,공원,급속,급속(50kW),환경부,환경부(협회),급속(50kW),DC차데모+AC3상+DC콤보,이용가능,"37.3888368,126.7806444"
경기도,안산시,경기도 안산시 단원구 대부북동 1849-30,대부도 공영 주차장,주차시설,공영주차장,급속,급속(50kW),환경부,환경부(협회),급속(50kW),DC차데모+AC3상+DC콤보,이용가능,"37.2836347,126.5716565"
경기도,안산시,경기도 안산시 상록구 성도동 590,롯데마트 안산점,상업시설,마트(쇼핑몰),급속,급속(50kW),환경부,환경부(협회),급속(50kW),DC차데모+AC3상+DC콤보,이용가능,"37.3179811,126.8471001"
경기도,안양시,경기도 안양시 만안구 석수1동 110-26,관악역 3환승 공영주차장 ,주차시설,공영주차장,급속,급속(50kW),환경부,환경부(협회),급속(50kW),DC차데모+AC3상+DC콤보,이용가능,"37.4179021,126.91137"
경기도,양주시,경기도 양주시 장흥면 울대리 527,송추 제2주차장,주차시설,일반주차장,급속,급속(50kW),환경부,환경부(협회),급속(50kW),DC차데모+AC3상+DC콤보,이용가능,"37.7159746,126.9799522"
경기도,용인시,경기도 용인시 처인구 삼가동 556,용인시청,공공시설,관공서,급속,급속(50kW),환경부,환경부(협회),급속(50kW),DC차데모+AC3상+DC콤보,이용가능,"37.24086,127.17707"
경기도,용인시,경기도 용인시 처인구 포곡읍 포곡로 258,포곡읍사무소,공공시설,주민센터,급속,급속(50kW),환경부,환경부(협회),급속(50kW),DC차데모+AC3상+DC콤보,이용가능,"37.2781004,127.2312587"
경기도,의정부시,경기도 의정부시 시민로19번길 13,백석천지하2 공영주차장,주차시설,공영주차장,급속,급속(50kW),환경부,환경부(협회),급속(50kW),DC차데모+AC3상+DC콤보,이용가능,"37.738771,127.0361471"
경기도,파주시,경기도 파주시 시청로 50,파주시청광장 주차장,주차시설,일반주차장,급속,급속(50kW),환경부,환경부(협회),급속(50kW),DC차데모+AC3상+DC콤보,이용가능,"37.7596003,126.7801358"
경기도,하남시,경기도 하남시 미사강변 한강로 299,한강유역환경청,공공시설,공공기관,급속,급속(50kW),환경부,환경부(협회),급속(50kW),DC차데모+AC3상+DC콤보,이용가능,"37.5704789,127.1956732"
경기도,화성시,경기도 화성시 태안로 145,유앤아이센터,공동주택시설,사업장(사옥),급속,급속(50kW),환경부,환경부(협회),급속(50kW),DC차데모+AC3상+DC콤보,이용가능,"37.203321,127.0339584"
대전광역시,서구,대전광역시 서구 계룡로 510,유승기업(현대블루핸즈),차량정비시설,서비스센터,급속,급속(50kW),환경부,환경부(협회),급속(50kW),DC차데모+AC3상+DC콤보,이용가능,"36.3436911,127.3804383"
대전광역시,서구,대전광역시 서구 청사로 189,대전정부청사 내 주차장,공공시설,관공서,급속,급속(50kW),환경부,환경부(협회),급속(50kW),DC차데모+AC3상+DC콤보,이용가능,"36.3614348,127.383952"
대전광역시,유성구,대전광역시 유성구 관평동 887,롯데마트 대덕테크노밸리점,상업시설,마트(쇼핑몰),급속,급속(50kW),환경부,환경부(협회),급속(50kW),DC차데모+AC3상+DC콤보,이용가능,"36.4263388,127.3865552"
대전광역시,유성구,대전광역시 유성구 테크노 9로 35,대전테크노파크 주차장,주차시설,일반주차장,급속,급속(50kW),환경부,환경부(협회),급속(50kW),DC차데모+AC3상+DC콤보,이용가능,"36.4204526,127.406174"
대전광역시,중구,대전광역시 중구 사정동 142,오월드 내 주차장,주차시설,일반주차장,급속,급속(50kW),환경부,환경부(협회),급속(50kW),DC차데모+AC3상+DC콤보,이용가능,"36.2907635,127.3976153"
경상북도,경주시,경상북도 경주시 내남면 경부고속도로 59 (월산리),경주(부산) 휴게소,휴게시설,고속도로 휴게소,급속,급속(50kW),환경부,환경부(협회),급속(50kW),DC차데모+AC3상+DC콤보,이용가능,"35.72448,129.1926307"
경기도,용인시,경기도 용인시 수지구 경부고속도로 400 (죽전동),죽전(서울) 휴게소,휴게시설,고속도로 휴게소,급속,급속(50kW),환경부,환경부(협회),급속(50kW),DC차데모+AC3상+DC콤보,이용가능,"37.3320728,127.1048475"
경기도,용인시,경기도 용인시 수지구 경부고속도로 400 (죽전동),죽전(서울) 휴게소,휴게시설,고속도로 휴게소,급속,급속(50kW),환경부,환경부(협회),급속(50kW),DC차데모+AC3상+DC콤보,이용가능,"37.3320728,127.1048475"
경기도,용인시,경기도 용인시 기흥구 공세로 173 (공세동),기흥(부산) 휴게소,휴게시설,고속도로 휴게소,급속,급속(50kW),환경부,환경부(협회),급속(50kW),DC차데모+AC3상+DC콤보,이용가능,"37.2356557,127.105021"
경기도,용인시,경기도 용인시 기흥구 공세로 173 (공세동),기흥(부산) 휴게소,휴게시설,고속도로 휴게소,급속,급속(50kW),환경부,환경부(협회),급속(50kW),DC차데모+AC3상+DC콤보,이용가능,"37.2356557,127.105021"
경상북도,김천시,경상북도 김천시 농소면 경부고속도로 194 (신촌리),김천(부산) 휴게소,휴게시설,고속도로 휴게소,급속,급속(50kW),환경부,환경부(협회),급속(50kW),DC차데모+AC3상+DC콤보,이용가능,"36.129385,128.164209"
경상북도,김천시,경상북도 김천시 농소면 경부고속도로 194 (신촌리),김천(부산) 휴게소,휴게시설,고속도로 휴게소,급속,급속(50kW),환경부,환경부(협회),급속(50kW),DC차데모+AC3상+DC콤보,이용가능,"36.129385,128.164209"
경상북도,김천시,경상북도 김천시 농소면 경부고속도로 193 (신촌리),김천(서울) 휴게소,휴게시설,고속도로 휴게소,급속,급속(50kW),환경부,환경부(협회),급속(50kW),DC차데모+AC3상+DC콤보,이용가능,"36.1307247,128.1632209"
경상북도,김천시,경상북도 김천시 농소면 경부고속도로 193 (신촌리),김천(서울) 휴게소,휴게시설,고속도로 휴게소,급속,급속(50kW),환경부,환경부(협회),급속(50kW),DC차데모+AC3상+DC콤보,이용가능,"36.1307247,128.1632209"
경상북도,칠곡군,경상북도 칠곡군 왜관읍 경부고속도로 159 (아곡리),칠곡(부산) 휴게소,휴게시설,고속도로 휴게소,급속,급속(50kW),환경부,환경부(협회),급속(50kW),DC차데모+AC3상+DC콤보,이용가능,"36.02025,128.4292831"
경상북도,칠곡군,경상북도 칠곡군 왜관읍 경부고속도로 159 (아곡리),칠곡(부산) 휴게소,휴게시설,고속도로 휴게소,급속,급속(50kW),환경부,환경부(협회),급속(50kW),DC차데모+AC3상+DC콤보,이용가능,"36.02025,128.4292831"
경상북도,칠곡군,경상북도 칠곡군 왜관읍 경부고속도로 159 (아곡리),칠곡(부산) 휴게소,휴게시설,고속도로 휴게소,급속,급속(50kW),환경부,환경부(협회),급속(50kW),DC차데모+AC3상+DC콤보,이용가능,"36.02025,128.4292831"
경상북도,칠곡군,경상북도 칠곡군 왜관읍 경부고속도로 159 (아곡리),칠곡(부산) 휴게소,휴게시설,고속도로 휴게소,급속,급속(50kW),환경부,환경부(협회),급속(50kW),DC차데모+AC3상+DC콤보,이용가능,"36.02025,128.4292831"
경상북도,칠곡군,경상북도 칠곡군 왜관읍 경부고속도로 158 (아곡리),칠곡(서울) 휴게소,휴게시설,고속도로 휴게소,급속,급속(50kW),환경부,환경부(협회),급속(50kW),DC차데모+AC3상+DC콤보,이용가능,"36.0129743,128.4306428"
경상북도,칠곡군,경상북도 칠곡군 왜관읍 경부고속도로 158 (아곡리),칠곡(서울) 휴게소,휴게시설,고속도로 휴게소,급속,급속(50kW),환경부,환경부(협회),급속(50kW),DC차데모+AC3상+DC콤보,이용가능,"36.0129743,128.4306428"
대전광역시,대덕구,대전광역시 대덕구 산업단지로 27 (상서동) 236-1,신탄진(서울) 휴게소,휴게시설,고속도로 휴게소,급속,급속(50kW),환경부,환경부(협회),급속(50kW),DC차데모+AC3상+DC콤보,이용가능,"36.4253780,127.4184083"
서울특별시,서초구,서울특별시 서초구 양재대로12길 73-71 (원지동),서울만남(부산) 휴게소,휴게시설,고속도로 휴게소,급속,급속(50kW),환경부,환경부(협회),급속(50kW),DC차데모+AC3상+DC콤보,이용가능,"37.4600218,127.0420378"
서울특별시,서초구,서울특별시 서초구 양재대로12길 73-71 (원지동),서울만남(부산) 휴게소,휴게시설,고속도로 휴게소,급속,급속(50kW),환경부,환경부(협회),급속(50kW),DC차데모+AC3상+DC콤보,이용가능,"37.4600218,127.0420378"
충청남도,천안시,충청남도 천안시 서북구 입장면 연곡길 407,입장거봉포도(서울) 휴게소,휴게시설,고속도로 휴게소,급속,급속(50kW),환경부,환경부(협회),급속(50kW),DC차데모+AC3상+DC콤보,이용가능,"36.9427836,127.1943661"
충청남도,천안시,충청남도 천안시 서북구 입장면 연곡길 407,입장거봉포도(서울) 휴게소,휴게시설,고속도로 휴게소,급속,급속(50kW),환경부,환경부(협회),급속(50kW),DC차데모+AC3상+DC콤보,이용가능,"36.9427836,127.1943661"
충청남도,천안시,충청남도 천안시 동남구 쉼1길 42 (삼룡동)173-1,천안삼거리(서울) 휴게소,휴게시설,고속도로 휴게소,급속,급속(50kW),환경부,환경부(협회),급속(50kW),DC차데모+AC3상+DC콤보,이용가능,"36.7882107,127.1735101"
충청남도,천안시,충청남도 천안시 동남구 쉼1길 42 (삼룡동)173-1,천안삼거리(서울) 휴게소,휴게시설,고속도로 휴게소,급속,급속(50kW),환경부,환경부(협회),급속(50kW),DC차데모+AC3상+DC콤보,이용가능,"36.7882107,127.1735101"
충청남도,천안시,충청남도 천안시 동남구 쉼1길 42 (삼룡동)173-1,천안삼거리(서울) 휴게소,휴게시설,고속도로 휴게소,급속,급속(50kW),환경부,환경부(협회),급속(50kW),DC차데모+AC3상+DC콤보,이용가능,"36.7882107,127.1735101"
충청북도,옥천군,충청북도 옥천군 동이면 금강로 596 (조령리),금강(부산) 휴게소,휴게시설,고속도로 휴게소,급속,급속(50kW),환경부,환경부(협회),급속(50kW),DC차데모+AC3상+DC콤보,이용가능,"36.2791549,127.6736776"
충청북도,옥천군,충청북도 옥천군 동이면 금강로 596 (조령리),금강(부산) 휴게소,휴게시설,고속도로 휴게소,급속,급속(50kW),환경부,환경부(협회),급속(50kW),DC차데모+AC3상+DC콤보,이용가능,"36.2791549,127.6736776"
충청북도,옥천군,충청북도 옥천군 동이면 금강로 596 (조령리),금강(부산) 휴게소,휴게시설,고속도로 휴게소,급속,급속(50kW),환경부,환경부(협회),급속(50kW),DC차데모+AC3상+DC콤보,이용가능,"36.2791549,127.6736776"
경상남도,양산시,경상남도 양산시 하북면 경부고속도로 31-1 (순지리),통도사(부산) 휴게소,휴게시설,고속도로 휴게소,급속,급속(50kW),환경부,환경부(협회),급속(50kW),DC차데모+AC3상+DC콤보,이용가능,"35.4885288,129.0914428"
경상남도,양산시,경상남도 양산시 하북면 경부고속도로 31-1 (순지리),통도사(부산) 휴게소,휴게시설,고속도로 휴게소,급속,급속(50kW),환경부,환경부(협회),급속(50kW),DC차데모+AC3상+DC콤보,이용가능,"35.4885288,129.0914428"
경상남도,양산시,경상남도 양산시 하북면 경부고속도로 31-1 (순지리),통도사(부산) 휴게소,휴게시설,고속도로 휴게소,급속,급속(50kW),환경부,환경부(협회),급속(50kW),DC차데모+AC3상+DC콤보,이용가능,"35.4885288,129.0914428"
충청북도,청주시,충청북도 청주시 흥덕구 옥산면 경부고속도로 309 (오산리),옥산(부산) 휴게소,휴게시설,고속도로 휴게소,급속,급속(50kW),환경부,환경부(협회),급속(50kW),DC차데모+AC3상+DC콤보,이용가능,"36.6567726,127.3703995"
충청북도,옥천군,충청북도 옥천군 옥천읍 옥천동이로 242-34,옥천(서울) 휴게소,휴게시설,고속도로 휴게소,급속,급속(50kW),환경부,환경부(협회),급속(50kW),DC차데모+AC3상+DC콤보,이용가능,"36.2980694,127.598397"
충청북도,옥천군,충청북도 옥천군 옥천읍 옥천동이로 242-34,옥천(서울) 휴게소,휴게시설,고속도로 휴게소,급속,급속(50kW),환경부,환경부(협회),급속(50kW),DC차데모+AC3상+DC콤보,이용가능,"36.2980694,127.598397"
충청북도,옥천군,충청북도 옥천군 옥천읍 중앙로 135 (삼양리),옥천만남 휴게소,휴게시설,고속도로 휴게소,급속,급속(50kW),환경부,환경부(협회),급속(50kW),DC차데모+AC3상+DC콤보,이용가능,"36.3079099,127.5731265"
충청북도,음성군,충청북도 음성군 삼성면 용성리 산 44,음성(남이) 휴게소,휴게시설,고속도로 휴게소,급속,급속(50kW),환경부,환경부(협회),급속(50kW),DC차데모+AC3상+DC콤보,이용가능,"37.0186894,127.4809059"
충청북도,음성군,충청북도 음성군 삼성면 용성리 산 44,음성(남이) 휴게소,휴게시설,고속도로 휴게소,급속,급속(50kW),환경부,환경부(협회),급속(50kW),DC차데모+AC3상+DC콤보,이용가능,"37.0186894,127.4809059"
충청북도,청주시,충청북도 청주시 서원구 현도면 경부고속도로 289,죽암(부산) 휴게소,휴게시설,고속도로 휴게소,급속,급속(50kW),환경부,환경부(협회),급속(50kW),DC차데모+AC3상+DC콤보,이용가능,"36.4859708,127.4291512"
충청북도,청주시,충청북도 청주시 서원구 현도면 경부고속도로 290,죽암(서울) 휴게소,휴게시설,고속도로 휴게소,급속,급속(50kW),환경부,환경부(협회),급속(50kW),DC차데모+AC3상+DC콤보,이용가능,"36.4957964,127.4308677"
충청북도,청주시,충청북도 청주시 서원구 현도면 경부고속도로 290,죽암(서울) 휴게소,휴게시설,고속도로 휴게소,급속,급속(50kW),환경부,환경부(협회),급속(50kW),DC차데모+AC3상+DC콤보,이용가능,"36.4957964,127.4308677"
충청북도,청주시,충청북도 청주시 흥덕구 옥산면 경부고속도로 318 (장남리),청주(서울) 휴게소,휴게시설,고속도로 휴게소,급속,급속(50kW),환경부,환경부(협회),급속(50kW),DC차데모+AC3상+DC콤보,이용가능,"36.7162491,127.3487936"
충청북도,영동군,충청북도 영동군 황간면 회포길 102 (회포리),황간(부산) 휴게소,휴게시설,고속도로 휴게소,급속,급속(50kW),환경부,환경부(협회),급속(50kW),DC차데모+AC3상+DC콤보,이용가능,"36.2484821,127.8527773"
충청북도,영동군,충청북도 영동군 황간면 회포1길 65 (회포리),황간(서울) 휴게소,휴게시설,고속도로 휴게소,급속,급속(50kW),환경부,환경부(협회),급속(50kW),DC차데모+AC3상+DC콤보,이용가능,"36.2485222,127.8546968"
충청북도,영동군,충청북도 영동군 황간면 회포1길 65 (회포리),황간(서울) 휴게소,휴게시설,고속도로 휴게소,급속,급속(50kW),환경부,환경부(협회),급속(50kW),DC차데모+AC3상+DC콤보,이용가능,"36.2485222,127.8546968"
전라남도,함평군,전라남도 함평군 함평읍 서해안고속도로 31 (장교리),함평천지(목포) 휴게소,휴게시설,고속도로 휴게소,급속,급속(50kW),환경부,환경부(협회),급속(50kW),DC차데모+AC3상+DC콤보,이용가능,"35.0694817,126.4786195"
전라남도,함평군,전라남도 함평군 함평읍 서해안고속도로 31 (장교리),함평천지(목포) 휴게소,휴게시설,고속도로 휴게소,급속,급속(50kW),환경부,환경부(협회),급속(50kW),DC차데모+AC3상+DC콤보,이용가능,"35.0694817,126.4786195"
전라남도,함평군,전라남도 함평군 함평읍 서해안고속도로 38 (죽암리),함평천지(서울) 휴게소,휴게시설,고속도로 휴게소,급속,급속(50kW),환경부,환경부(협회),급속(50kW),DC차데모+AC3상+DC콤보,이용가능,"35.1295648,126.4818537"
전라남도,함평군,전라남도 함평군 함평읍 서해안고속도로 38 (죽암리),함평천지(서울) 휴게소,휴게시설,고속도로 휴게소,급속,급속(50kW),환경부,환경부(협회),급속(50kW),DC차데모+AC3상+DC콤보,이용가능,"35.1295648,126.4818537"
전북특별자치도,고창군,전북특별자치도 고창군 고창읍 서해안고속도로 81 (벽송리),고창고인돌(목포) 휴게소,휴게시설,고속도로 휴게소,급속,급속(50kW),환경부,환경부(협회),급속(50kW),DC차데모+AC3상+DC콤보,이용가능,"35.4690375,126.6742688"
전북특별자치도,고창군,전북특별자치도 고창군 고창읍 서해안고속도로 81 (벽송리),고창고인돌(목포) 휴게소,휴게시설,고속도로 휴게소,급속,급속(50kW),환경부,환경부(협회),급속(50kW),DC차데모+AC3상+DC콤보,이용가능,"35.4690375,126.6742688"
전북특별자치도,고창군,전북특별자치도 고창군 고창읍 서해안고속도로 80 (신월리),고창고인돌(서울) 휴게소,휴게시설,고속도로 휴게소,급속,급속(50kW),환경부,환경부(협회),급속(50kW),DC차데모+AC3상+DC콤보,이용가능,"35.461348,126.6729203"
전북특별자치도,고창군,전북특별자치도 고창군 고창읍 서해안고속도로 80 (신월리),고창고인돌(서울) 휴게소,휴게시설,고속도로 휴게소,급속,급속(50kW),환경부,환경부(협회),급속(50kW),DC차데모+AC3상+DC콤보,이용가능,"35.461348,126.6729203"
충청남도,보령시,충청남도 보령시 주교면 서해안고속도로 199 (주교리),대천(목포) 휴게소,휴게시설,고속도로 휴게소,급속,급속(50kW),환경부,환경부(협회),급속(50kW),DC차데모+AC3상+DC콤보,이용가능,"36.3725548,126.556007"
충청남도,보령시,충청남도 보령시 주교면 서해안고속도로 200 (주교리),대천(서울) 휴게소,휴게시설,고속도로 휴게소,급속,급속(50kW),환경부,환경부(협회),급속(50kW),DC차데모+AC3상+DC콤보,이용가능,"36.3737327,126.557557"
충청남도,서산시,충청남도 서산시 해미면 서해안고속도로 242 (삼송리),서산(서울) 휴게소,휴게시설,고속도로 휴게소,급속,급속(50kW),환경부,환경부(협회),급속(50kW),DC차데모+AC3상+DC콤보,이용가능,"36.7338867,126.5670967"
충청남도,서산시,충청남도 서산시 해미면 서해안고속도로 242 (삼송리),서산(서울) 휴게소,휴게시설,고속도로 휴게소,급속,급속(50kW),환경부,환경부(협회),급속(50kW),DC차데모+AC3상+DC콤보,이용가능,"36.7338867,126.5670967"
충청남도,서천군,충청남도 서천군 비인면 서해안고속도로 169 (성산리),서천(목포) 휴게소,휴게시설,고속도로 휴게소,급속,급속(50kW),환경부,환경부(협회),급속(50kW),DC차데모+AC3상+DC콤보,이용가능,"36.1292781,126.6269803"
충청남도,서천군,충청남도 서천군 비인면 서해안고속도로 169 (성산리),서천(목포) 휴게소,휴게시설,고속도로 휴게소,급속,급속(50kW),환경부,환경부(협회),급속(50kW),DC차데모+AC3상+DC콤보,이용가능,"36.1292781,126.6269803"
충청남도,서천군,충청남도 서천군 비인면 서해안고속도로 168 (성산리),서천(서울) 휴게소,휴게시설,고속도로 휴게소,급속,급속(50kW),환경부,환경부(협회),급속(50kW),DC차데모+AC3상+DC콤보,이용가능,"36.1320831,126.6275272"
충청남도,서천군,충청남도 서천군 비인면 서해안고속도로 168 (성산리),서천(서울) 휴게소,휴게시설,고속도로 휴게소,급속,급속(50kW),환경부,환경부(협회),급속(50kW),DC차데모+AC3상+DC콤보,이용가능,"36.1320831,126.6275272"
충청남도,홍성군,충청남도 홍성군 은하면 서해안고속도로 221 (금국리),홍성(목포) 휴게소,휴게시설,고속도로 휴게소,급속,급속(50kW),환경부,환경부(협회),급속(50kW),DC차데모+AC3상+DC콤보,이용가능,"36.5520256,126.579626"
충청남도,홍성군,충청남도 홍성군 은하면 서해안고속도로 220 (금국리),홍성(서울) 휴게소,휴게시설,고속도로 휴게소,급속,급속(50kW),환경부,환경부(협회),급속(50kW),DC차데모+AC3상+DC콤보,이용가능,"36.5538232,126.5818528"
전라남도,곡성군,전라남도 곡성군 겸면 호남고속도로 50 (가정리),곡성(천안) 휴게소,휴게시설,고속도로 휴게소,급속,급속(50kW),환경부,환경부(협회),급속(50kW),DC차데모+AC3상+DC콤보,이용가능,"35.2595800,127.1520811"
전라남도,곡성군,전라남도 곡성군 겸면 호남고속도로 50 (가정리),곡성(천안) 휴게소,휴게시설,고속도로 휴게소,급속,급속(50kW),환경부,환경부(협회),급속(50kW),DC차데모+AC3상+DC콤보,이용가능,"35.2595800,127.1520811"
전라남도,곡성군,전라남도 곡성군 겸면 호남고속도로 49 (가정리),곡성(순천) 휴게소,휴게시설,고속도로 휴게소,급속,급속(50kW),환경부,환경부(협회),급속(50kW),DC차데모+AC3상+DC콤보,이용가능,"35.2581787,127.1516545"
전라남도,곡성군,전라남도 곡성군 겸면 호남고속도로 49 (가정리),곡성(순천) 휴게소,휴게시설,고속도로 휴게소,급속,급속(50kW),환경부,환경부(협회),급속(50kW),DC차데모+AC3상+DC콤보,이용가능,"35.2581787,127.1516545"
전라남도,장성군,전라남도 장성군 북이면 호남고속도로 108 (박산리),백양사(천안) 휴게소,휴게시설,고속도로 휴게소,급속,급속(50kW),환경부,환경부(협회),급속(50kW),DC차데모+AC3상+DC콤보,이용가능,"35.393621,126.8072817"
전라남도,장성군,전라남도 장성군 북이면 호남고속도로 108 (박산리),백양사(천안) 휴게소,휴게시설,고속도로 휴게소,급속,급속(50kW),환경부,환경부(협회),급속(50kW),DC차데모+AC3상+DC콤보,이용가능,"35.393621,126.8072817"
전라남도,순천시,전라남도 순천시 서면 호남고속도로 3 (비월리),순천(순천) 휴게소,휴게시설,고속도로 휴게소,급속,급속(50kW),환경부,환경부(협회),급속(50kW),DC차데모+AC3상+DC콤보,이용가능,"35.0087393,127.4465958"
전북특별자치도,완주군,전북특별자치도 완주군 이서면 호남고속도로 161 (은교리),이서(순천) 휴게소,휴게시설,고속도로 휴게소,급속,급속(50kW),환경부,환경부(협회),급속(50kW),DC차데모+AC3상+DC콤보,이용가능,"35.8034454,127.0240566"
전북특별자치도,완주군,전북특별자치도 완주군 이서면 호남고속도로 161 (은교리),이서(순천) 휴게소,휴게시설,고속도로 휴게소,급속,급속(50kW),환경부,환경부(협회),급속(50kW),DC차데모+AC3상+DC콤보,이용가능,"35.8034454,127.0240566"
전북특별자치도,완주군,전북특별자치도 완주군 이서면 호남고속도로 162 (은교리),이서(천안) 휴게소,휴게시설,고속도로 휴게소,급속,급속(50kW),환경부,환경부(협회),급속(50kW),DC차데모+AC3상+DC콤보,이용가능,"35.802184,127.0258792"
전북특별자치도,완주군,전북특별자치도 완주군 이서면 호남고속도로 162 (은교리),이서(천안) 휴게소,휴게시설,고속도로 휴게소,급속,급속(50kW),환경부,환경부(협회),급속(50kW),DC차데모+AC3상+DC콤보,이용가능,"35.802184,127.0258792"
전북특별자치도,정읍시,전북특별자치도 정읍시 북면 하북1길 227-17 (남산리),정읍녹두장군(천안) 휴게소,휴게시설,고속도로 휴게소,급속,급속(50kW),환경부,환경부(협회),급속(50kW),DC차데모+AC3상+DC콤보,이용가능,"35.6005769,126.8646591"
전북특별자치도,정읍시,전북특별자치도 정읍시 북면 정신로 135-61 (남산리),정읍녹두장군(순천) 휴게소,휴게시설,고속도로 휴게소,급속,급속(50kW),환경부,환경부(협회),급속(50kW),DC차데모+AC3상+DC콤보,이용가능,"35.6015871,126.8626805"
충청남도,논산시,충청남도 논산시 벌곡면 호남고속도로 2465-10 (신양리),벌곡(논산) 휴게소,휴게시설,고속도로 휴게소,급속,급속(50kW),환경부,환경부(협회),급속(50kW),DC차데모+AC3상+DC콤보,이용가능,"36.2175076,127.2740754"
경기도,이천시,경기도 이천시 마장면 중부대로609번길 244-35 (목리),이천(남이) 휴게소,휴게시설,고속도로 휴게소,급속,급속(50kW),환경부,환경부(협회),급속(50kW),DC차데모+AC3상+DC콤보,이용가능,"37.2651225,127.4032213"
경기도,이천시,경기도 이천시 신둔면 서이천로853번길 346-129 (용면리),이천(하남) 휴게소,휴게시설,고속도로 휴게소,급속,급속(50kW),환경부,환경부(협회),급속(50kW),DC차데모+AC3상+DC콤보,이용가능,"37.29389,127.37638"
충청북도,음성군,충청북도 음성군 삼성면 중부고속도로 52 (양덕리),음성(하남) 휴게소,휴게시설,고속도로 휴게소,급속,급속(50kW),환경부,환경부(협회),급속(50kW),DC차데모+AC3상+DC콤보,이용가능,"37.0227527,127.4844255"
충청북도,음성군,충청북도 음성군 삼성면 중부고속도로 52 (양덕리),음성(하남) 휴게소,휴게시설,고속도로 휴게소,급속,급속(50kW),환경부,환경부(협회),급속(50kW),DC차데모+AC3상+DC콤보,이용가능,"37.0227527,127.4844255"
경상북도,경주시,경상북도 경주시 건천읍 경부고속도로 77 (방내리),건천(부산) 휴게소,휴게시설,고속도로 휴게소,급속,급속(50kW),환경부,환경부(협회),급속(50kW),DC차데모+AC3상+DC콤보,이용가능,"35.830231,129.1099622"
경상북도,경주시,경상북도 경주시 건천읍 경부고속도로 76 (방내리),건천(서울) 휴게소,휴게시설,고속도로 휴게소,급속,급속(50kW),환경부,환경부(협회),급속(50kW),DC차데모+AC3상+DC콤보,이용가능,"35.8317384,129.1086245"
경상남도,고성군,경상남도 고성군 대가면 통영대전고속도로 29 (송계리),고성공룡나라(통영) 휴게소,휴게시설,고속도로 휴게소,급속,급속(50kW),환경부,환경부(협회),급속(50kW),DC차데모+AC3상+DC콤보,이용가능,"35.0515247,128.2640664"
경상남도,고성군,경상남도 고성군 대가면 통영대전고속도로 32 (신전리),고성공룡나라(대전) 휴게소,휴게시설,고속도로 휴게소,급속,급속(50kW),환경부,환경부(협회),급속(50kW),DC차데모+AC3상+DC콤보,이용가능,"35.0570523,128.2513447"
경상남도,산청군,경상남도 산청군 단성면 통영대전고속도로 77 (방목리),산청(통영) 휴게소,휴게시설,고속도로 휴게소,급속,급속(50kW),환경부,환경부(협회),급속(50kW),DC차데모+AC3상+DC콤보,이용가능,"35.3333219,127.9375368"
경상남도,산청군,경상남도 산청군 단성면 통영대전고속도로 77 (방목리),산청(통영) 휴게소,휴게시설,고속도로 휴게소,급속,급속(50kW),환경부,환경부(협회),급속(50kW),DC차데모+AC3상+DC콤보,이용가능,"35.3333219,127.9375368"
경상남도,산청군,경상남도 산청군 단성면 통영대전고속도로 76 (방목리),산청(대전) 휴게소,휴게시설,고속도로 휴게소,급속,급속(50kW),환경부,환경부(협회),급속(50kW),DC차데모+AC3상+DC콤보,이용가능,"35.3340661,127.9386829"
경상남도,산청군,경상남도 산청군 단성면 통영대전고속도로 76 (방목리),산청(대전) 휴게소,휴게시설,고속도로 휴게소,급속,급속(50kW),환경부,환경부(협회),급속(50kW),DC차데모+AC3상+DC콤보,이용가능,"35.3340661,127.9386829"
전북특별자치도,장수군,전북특별자치도 장수군 계북면 당저길 59 (양악리),덕유산(통영) 휴게소,휴게시설,고속도로 휴게소,급속,급속(50kW),환경부,환경부(협회),급속(50kW),DC차데모+AC3상+DC콤보,이용가능,"35.8141655,127.6435798"
전북특별자치도,무주군,전북특별자치도 무주군 안성면 통영대전고속도로 148 (공진리),덕유산(대전) 휴게소,휴게시설,고속도로 휴게소,급속,급속(50kW),환경부,환경부(협회),급속(50kW),DC차데모+AC3상+DC콤보,이용가능,"35.8170253,127.6459339"
충청남도,금산군,충청남도 금산군 군북면 어필각로 300 (외부리),금산인삼랜드(통영) 휴게소,휴게시설,고속도로 휴게소,급속,급속(50kW),환경부,환경부(협회),급속(50kW),DC차데모+AC3상+DC콤보,이용가능,"36.1536077,127.4953731"
충청남도,금산군,충청남도 금산군 군북면 대암길 34-30 (외부리),금산인삼랜드(대전) 휴게소,휴게시설,고속도로 휴게소,급속,급속(50kW),환경부,환경부(협회),급속(50kW),DC차데모+AC3상+DC콤보,이용가능,"36.1550665,127.4964759"
경상남도,함양군,경상남도 함양군 지곡면 효산길 23-31 (보산리),함양(통영) 휴게소,휴게시설,고속도로 휴게소,급속,급속(50kW),환경부,환경부(협회),급속(50kW),DC차데모+AC3상+DC콤보,이용가능,"35.5510049,127.7588744"
경상남도,함양군,경상남도 함양군 지곡면 효산길 23-11 (보산리),함양(대전) 휴게소,휴게시설,고속도로 휴게소,급속,급속(50kW),환경부,환경부(협회),급속(50kW),DC차데모+AC3상+DC콤보,이용가능,"35.5517867,127.7601314"
경상북도,문경시,경상북도 문경시 중부내륙고속도로 173,문경(창원) 휴게소,휴게시설,고속도로 휴게소,급속,급속(50kW),환경부,환경부(협회),급속(50kW),DC차데모+AC3상+DC콤보,이용가능,"36.6197424,128.1505644"
경상북도,문경시,경상북도 문경시 중부내륙고속도로 174 (유곡동),문경(양평) 휴게소,휴게시설,고속도로 휴게소,급속,급속(50kW),환경부,환경부(협회),급속(50kW),DC차데모+AC3상+DC콤보,이용가능,"36.6212807,128.1519843"
경상북도,문경시,경상북도 문경시 중부내륙고속도로 174 (유곡동),문경(양평) 휴게소,휴게시설,고속도로 휴게소,급속,급속(50kW),환경부,환경부(협회),급속(50kW),DC차데모+AC3상+DC콤보,이용가능,"36.6212807,128.1519843"
경기도,여주시,경기도 여주시 능서면 중부내륙고속도로 271 (매류리),서여주(창원) 휴게소,휴게시설,고속도로 휴게소,급속,급속(50kW),환경부,환경부(협회),급속(50kW),DC차데모+AC3상+DC콤보,이용가능,"37.27878,127.57837"
경기도,여주시,경기도 여주시 능서면 중부내륙고속도로 271 (매류리),서여주(창원) 휴게소,휴게시설,고속도로 휴게소,급속,급속(50kW),환경부,환경부(협회),급속(50kW),DC차데모+AC3상+DC콤보,이용가능,"37.27878,127.57837"
경기도,여주시,경기도 여주시 능서면 중부내륙고속도로 272 (매류리),서여주(양평) 휴게소,휴게시설,고속도로 휴게소,급속,급속(50kW),환경부,환경부(협회),급속(50kW),DC차데모+AC3상+DC콤보,이용가능,"37.278818,127.5803924"
경기도,여주시,경기도 여주시 능서면 중부내륙고속도로 272 (매류리),서여주(양평) 휴게소,휴게시설,고속도로 휴게소,급속,급속(50kW),환경부,환경부(협회),급속(50kW),DC차데모+AC3상+DC콤보,이용가능,"37.278818,127.5803924"
경상남도,창녕군,경상남도 창녕군 영산면 장척호수길 56-110 (신제리),영산(창원) 휴게소,휴게시설,고속도로 휴게소,급속,급속(50kW),환경부,환경부(협회),급속(50kW),DC차데모+AC3상+DC콤보,이용가능,"35.4292247,128.4956649"
경상남도,창녕군,경상남도 창녕군 영산면 장척호수길 56-110 (신제리),영산(창원) 휴게소,휴게시설,고속도로 휴게소,급속,급속(50kW),환경부,환경부(협회),급속(50kW),DC차데모+AC3상+DC콤보,이용가능,"35.4292247,128.4956649"
충청북도,괴산군,충청북도 괴산군 장연면 중부내륙고속도로 205 (오가리),괴산(창원) 휴게소,휴게시설,고속도로 휴게소,급속,급속(50kW),환경부,환경부(협회),급속(50kW),DC차데모+AC3상+DC콤보,이용가능,"36.8308728,127.9580054"
충청북도,괴산군,충청북도 괴산군 장연면 중부내륙고속도로 204 (오가리),괴산(양평) 휴게소,휴게시설,고속도로 휴게소,급속,급속(50kW),환경부,환경부(협회),급속(50kW),DC차데모+AC3상+DC콤보,이용가능,"36.8315471,127.9599952"
충청북도,괴산군,충청북도 괴산군 장연면 중부내륙고속도로 204 (오가리),괴산(양평) 휴게소,휴게시설,고속도로 휴게소,급속,급속(50kW),환경부,환경부(협회),급속(50kW),DC차데모+AC3상+DC콤보,이용가능,"36.8315471,127.9599952"
경상남도,함안군,경상남도 함안군 칠서면 계룡로 122-1 (계내리),칠서(양평) 휴게소,휴게시설,고속도로 휴게소,급속,급속(50kW),환경부,환경부(협회),급속(50kW),DC차데모+AC3상+DC콤보,이용가능,"35.3704567,128.4967833"
경상남도,함안군,경상남도 함안군 칠서면 계룡로 122-1 (계내리),칠서(양평) 휴게소,휴게시설,고속도로 휴게소,급속,급속(50kW),환경부,환경부(협회),급속(50kW),DC차데모+AC3상+DC콤보,이용가능,"35.3704567,128.4967833"
경기도,하남시,경기도 하남시 중부고속도로 117-1 (천현동),하남드림 휴게소,휴게시설,고속도로 휴게소,급속,급속(50kW),환경부,환경부(협회),급속(50kW),DC차데모+AC3상+DC콤보,이용가능,"37.5304600,127.2068880"
대구광역시,달성군,대구광역시 달성군 현풍면 비슬로 741 (성하리),현풍(대구) 휴게소,휴게시설,고속도로 휴게소,급속,급속(50kW),환경부,환경부(협회),급속(50kW),DC차데모+AC3상+DC콤보,이용가능,"35.7021668,128.4379186"
대구광역시,달성군,대구광역시 달성군 현풍면 비슬로 741 (성하리),현풍(대구) 휴게소,휴게시설,고속도로 휴게소,급속,급속(50kW),환경부,환경부(협회),급속(50kW),DC차데모+AC3상+DC콤보,이용가능,"35.7021668,128.4379186"
대구광역시,달성군,대구광역시 달성군 현풍면 성하길 48 (성하리),현풍(창원) 휴게소,휴게시설,고속도로 휴게소,급속,급속(50kW),환경부,환경부(협회),급속(50kW),DC차데모+AC3상+DC콤보,이용가능,"35.7016332,128.4358089"
대구광역시,달성군,대구광역시 달성군 현풍면 성하길 48 (성하리),현풍(창원) 휴게소,휴게시설,고속도로 휴게소,급속,급속(50kW),환경부,환경부(협회),급속(50kW),DC차데모+AC3상+DC콤보,이용가능,"35.7016332,128.4358089"
충청북도,충주시,충청북도 충주시 중앙탑면 중부내륙고속도로 231 (용전리),충주(창원) 휴게소,휴게시설,고속도로 휴게소,급속,급속(50kW),환경부,환경부(협회),급속(50kW),DC차데모+AC3상+DC콤보,이용가능,"37.0219027,127.8379417"
충청북도,충주시,충청북도 충주시 중앙탑면 중부내륙고속도로 230 (용전리),충주(양평) 휴게소,휴게시설,고속도로 휴게소,급속,급속(50kW),환경부,환경부(협회),급속(50kW),DC차데모+AC3상+DC콤보,이용가능,"37.0235629,127.8390638"
경상북도,군위군,경상북도 군위군 군위읍 경북대로 4084 (오곡리),군위(부산) 휴게소,휴게시설,고속도로 휴게소,급속,급속(50kW),환경부,환경부(협회),급속(50kW),DC차데모+AC3상+DC콤보,이용가능,"36.2659378,128.5749302"
경상북도,군위군,경상북도 군위군 군위읍 경북대로 4084 (오곡리),군위(부산) 휴게소,휴게시설,고속도로 휴게소,급속,급속(50kW),환경부,환경부(협회),급속(50kW),DC차데모+AC3상+DC콤보,이용가능,"36.2659378,128.5749302"
경상북도,칠곡군,경상북도 칠곡군 동명면 중앙고속도로 122 (가천리),동명(춘천) 휴게소,휴게시설,고속도로 휴게소,급속,급속(50kW),환경부,환경부(협회),급속(50kW),DC차데모+AC3상+DC콤보,이용가능,"36.0068197,128.5488571"
강원특별자치도,원주시,강원특별자치도 원주시 호저면 마근거리길 120 (옥산리) 211,원주(부산) 휴게소,휴게시설,고속도로 휴게소,급속,급속(50kW),환경부,환경부(협회),급속(50kW),DC차데모+AC3상+DC콤보,이용가능,"37.4345781,127.9292055"
강원특별자치도,원주시,강원특별자치도 원주시 호저면 마근거리길 120 (옥산리) 211,원주(부산) 휴게소,휴게시설,고속도로 휴게소,급속,급속(50kW),환경부,환경부(협회),급속(50kW),DC차데모+AC3상+DC콤보,이용가능,"37.4345781,127.9292055"
강원특별자치도,원주시,강원특별자치도 원주시 호저면 마근거리길 120 (옥산리) 211,원주(부산) 휴게소,휴게시설,고속도로 휴게소,급속,급속(50kW),환경부,환경부(협회),급속(50kW),DC차데모+AC3상+DC콤보,이용가능,"37.4345781,127.9292055"
강원특별자치도,원주시,강원특별자치도 원주시 호저면 마근거리길 110 (옥산리) 215,원주(춘천) 휴게소,휴게시설,고속도로 휴게소,급속,급속(50kW),환경부,환경부(협회),급속(50kW),DC차데모+AC3상+DC콤보,이용가능,"37.4345864,127.9317944"
강원특별자치도,원주시,강원특별자치도 원주시 호저면 마근거리길 110 (옥산리) 215,원주(춘천) 휴게소,휴게시설,고속도로 휴게소,급속,급속(50kW),환경부,환경부(협회),급속(50kW),DC차데모+AC3상+DC콤보,이용가능,"37.4345864,127.9317944"
강원특별자치도,원주시,강원특별자치도 원주시 호저면 마근거리길 110 (옥산리) 215,원주(춘천) 휴게소,휴게시설,고속도로 휴게소,급속,급속(50kW),환경부,환경부(협회),급속(50kW),DC차데모+AC3상+DC콤보,이용가능,"37.4345864,127.9317944"
충청북도,단양군,충청북도 단양군 적성면 기동2길 32-37 (기동리),단양팔경(부산) 휴게소,휴게시설,고속도로 휴게소,급속,급속(50kW),환경부,환경부(협회),급속(50kW),DC차데모+AC3상+DC콤보,이용가능,"36.9946821,128.2885772"
충청북도,단양군,충청북도 단양군 단성면 하방3길 100 (하방리),단양팔경(춘천) 휴게소,휴게시설,고속도로 휴게소,급속,급속(50kW),환경부,환경부(협회),급속(50kW),DC차데모+AC3상+DC콤보,이용가능,"36.9434738,128.3235426"
강원특별자치도,원주시,강원특별자치도 원주시 신림면 치악로 416 (금창리),치악(부산) 휴게소,휴게시설,고속도로 휴게소,급속,급속(50kW),환경부,환경부(협회),급속(50kW),DC차데모+AC3상+DC콤보,이용가능,"37.2533111,128.0494506"
강원특별자치도,원주시,강원특별자치도 원주시 신림면 치악로 416 (금창리),치악(부산) 휴게소,휴게시설,고속도로 휴게소,급속,급속(50kW),환경부,환경부(협회),급속(50kW),DC차데모+AC3상+DC콤보,이용가능,"37.2533111,128.0494506"
강원특별자치도,원주시,강원특별자치도 원주시 신림면 다리실2길 32 (금창리),치악(춘천) 휴게소,휴게시설,고속도로 휴게소,급속,급속(50kW),환경부,환경부(협회),급속(50kW),DC차데모+AC3상+DC콤보,이용가능,"37.2569717,128.0478759"
강원특별자치도,홍천군,강원특별자치도 홍천군 북방면 도사곡길 223 (소매곡리),홍천강(춘천) 휴게소,휴게시설,고속도로 휴게소,급속,급속(50kW),환경부,환경부(협회),급속(50kW),DC차데모+AC3상+DC콤보,이용가능,"37.7130398,127.8271364"
강원특별자치도,강릉시,강원특별자치도 강릉시 구정면 회산로 88-35 (제비리),구정(속초) 휴게소,휴게시설,고속도로 휴게소,급속,급속(50kW),환경부,환경부(협회),급속(50kW),DC차데모+AC3상+DC콤보,이용가능,"37.7217383,128.8520668"
강원특별자치도,강릉시,강원특별자치도 강릉시 구정면 회산로 88-35 (제비리),구정(속초) 휴게소,휴게시설,고속도로 휴게소,급속,급속(50kW),환경부,환경부(협회),급속(50kW),DC차데모+AC3상+DC콤보,이용가능,"37.7217383,128.8520668"
강원특별자치도,강릉시,강원특별자치도 강릉시 구정면 회산로 88-35 (제비리),구정(속초) 휴게소,휴게시설,고속도로 휴게소,급속,급속(50kW),환경부,환경부(협회),급속(50kW),DC차데모+AC3상+DC콤보,이용가능,"37.7217383,128.8520668"
강원특별자치도,강릉시,강원특별자치도 강릉시 구정면 동해고속도로 345 (제비리),구정(삼척) 휴게소,휴게시설,고속도로 휴게소,급속,급속(50kW),환경부,환경부(협회),급속(50kW),DC차데모+AC3상+DC콤보,이용가능,"37.7217564,128.8520681"
강원특별자치도,강릉시,강원특별자치도 강릉시 구정면 동해고속도로 345 (제비리),구정(삼척) 휴게소,휴게시설,고속도로 휴게소,급속,급속(50kW),환경부,환경부(협회),급속(50kW),DC차데모+AC3상+DC콤보,이용가능,"37.7217564,128.8520681"
강원특별자치도,강릉시,강원특별자치도 강릉시 구정면 동해고속도로 345 (제비리),구정(삼척) 휴게소,휴게시설,고속도로 휴게소,급속,급속(50kW),환경부,환경부(협회),급속(50kW),DC차데모+AC3상+DC콤보,이용가능,"37.7217564,128.8520681"
강원특별자치도,동해시,강원특별자치도 동해시 동해대로 6437 동해휴게소동해방향 (망상동),동해(삼척) 휴게소,휴게시설,고속도로 휴게소,급속,급속(50kW),환경부,환경부(협회),급속(50kW),DC차데모+AC3상+DC콤보,이용가능,"37.60143,129.0738745"
강원특별자치도,동해시,강원특별자치도 동해시 동해대로 6437 동해휴게소동해방향 (망상동),동해(삼척) 휴게소,휴게시설,고속도로 휴게소,급속,급속(50kW),환경부,환경부(협회),급속(50kW),DC차데모+AC3상+DC콤보,이용가능,"37.60143,129.0738745"
강원특별자치도,강릉시,강원특별자치도 강릉시 옥계면 동해고속도로 320 (주수리),옥계(속초) 휴게소,휴게시설,고속도로 휴게소,급속,급속(50kW),환경부,환경부(협회),급속(50kW),DC차데모+AC3상+DC콤보,이용가능,"37.6151752,129.0609174"
강원특별자치도,강릉시,강원특별자치도 강릉시 옥계면 동해고속도로 320 (주수리),옥계(속초) 휴게소,휴게시설,고속도로 휴게소,급속,급속(50kW),환경부,환경부(협회),급속(50kW),DC차데모+AC3상+DC콤보,이용가능,"37.6151752,129.0609174"
강원특별자치도,강릉시,강원특별자치도 강릉시 옥계면 동해고속도로 320 (주수리),옥계(속초) 휴게소,휴게시설,고속도로 휴게소,급속,급속(50kW),환경부,환경부(협회),급속(50kW),DC차데모+AC3상+DC콤보,이용가능,"37.6151752,129.0609174"
경상남도,사천시,경상남도 사천시 곤양면 서삼로 619 (묵곡리),사천(부산) 휴게소,휴게시설,고속도로 휴게소,급속,급속(50kW),환경부,환경부(협회),급속(50kW),DC차데모+AC3상+DC콤보,이용가능,"35.0732831,128.0110198"
경상남도,사천시,경상남도 사천시 곤양면 묵실길 31-11 (묵곡리),사천(순천) 휴게소,휴게시설,고속도로 휴게소,급속,급속(50kW),환경부,환경부(협회),급속(50kW),DC차데모+AC3상+DC콤보,이용가능,"35.0748033,128.0134007"
전라남도,보성군,전라남도 보성군 겸백면 남해고속도로 70 (수남리),보성녹차(순천) 휴게소,휴게시설,고속도로 휴게소,급속,급속(50kW),환경부,환경부(협회),급속(50kW),DC차데모+AC3상+DC콤보,이용가능,"34.8078064,127.1816380"
전라남도,보성군,전라남도 보성군 화방리 산199-3,보성녹차(영암) 휴게소,휴게시설,고속도로 휴게소,급속,급속(50kW),환경부,환경부(협회),급속(50kW),DC차데모+AC3상+DC콤보,이용가능,"34.8142816,127.1249081"
경상남도,함안군,경상남도 함안군 군북면 현포로 205 (유현리),함안(부산) 휴게소,휴게시설,고속도로 휴게소,급속,급속(50kW),환경부,환경부(협회),급속(50kW),DC차데모+AC3상+DC콤보,이용가능,"35.2937585,128.3478910"
경상남도,거창군,경상남도 거창군 가조면 가조가야로 1523 (도리),거창(광주) 휴게소,휴게시설,고속도로 휴게소,급속,급속(50kW),환경부,환경부(협회),급속(50kW),DC차데모+AC3상+DC콤보,이용가능,"35.7084155,128.0576192"
경상남도,거창군,경상남도 거창군 가조면 가조가야로 1543-81 (도리),거창(대구) 휴게소,휴게시설,고속도로 휴게소,급속,급속(50kW),환경부,환경부(협회),급속(50kW),DC차데모+AC3상+DC콤보,이용가능,"35.7056972,128.0571946"
전라남도,함평군,전라남도 함평군 엄다면 무안광주고속도로 12 (화양리),함평나비(광주) 휴게소,휴게시설,고속도로 휴게소,급속,급속(50kW),환경부,환경부(협회),급속(50kW),DC차데모+AC3상+DC콤보,이용가능,"35.037760,126.512535"
전라남도,함평군,전라남도 함평군 엄다면 무안광주고속도로 12 (화양리),함평나비(광주) 휴게소,휴게시설,고속도로 휴게소,급속,급속(50kW),환경부,환경부(협회),급속(50kW),DC차데모+AC3상+DC콤보,이용가능,"35.037760,126.512535"
전북특별자치도,남원시,전북특별자치도 남원시 아영면 88올림픽고속도로 75 (아곡리),지리산(광주) 휴게소,휴게시설,고속도로 휴게소,급속,급속(50kW),환경부,환경부(협회),급속(50kW),DC차데모+AC3상+DC콤보,이용가능,"35.4836213,127.5667699"
전북특별자치도,남원시,전북특별자치도 남원시 아영면 88올림픽고속도로 75 (아곡리),지리산(광주) 휴게소,휴게시설,고속도로 휴게소,급속,급속(50kW),환경부,환경부(협회),급속(50kW),DC차데모+AC3상+DC콤보,이용가능,"35.4836213,127.5667699"
전북특별자치도,남원시,전북특별자치도 남원시 아영면 88올림픽고속도로 76 (아곡리),지리산(대구) 휴게소,휴게시설,고속도로 휴게소,급속,급속(50kW),환경부,환경부(협회),급속(50kW),DC차데모+AC3상+DC콤보,이용가능,"35.4808967,127.566233"
전북특별자치도,남원시,전북특별자치도 남원시 아영면 88올림픽고속도로 76 (아곡리),지리산(대구) 휴게소,휴게시설,고속도로 휴게소,급속,급속(50kW),환경부,환경부(협회),급속(50kW),DC차데모+AC3상+DC콤보,이용가능,"35.4808967,127.566233"
전북특별자치도,순창군,전북특별자치도 순창군 순창읍 88올림픽고속도로 22 (백산리),강천산(대구) 휴게소,휴게시설,고속도로 휴게소,급속,급속(50kW),환경부,환경부(협회),급속(50kW),DC차데모+AC3상+DC콤보,이용가능,"35.3644118,127.1044692"
전북특별자치도,순창군,전북특별자치도 순창군 순창읍 88올림픽고속도로 22 (백산리),강천산(대구) 휴게소,휴게시설,고속도로 휴게소,급속,급속(50kW),환경부,환경부(협회),급속(50kW),DC차데모+AC3상+DC콤보,이용가능,"35.3644118,127.1044692"
경상북도,성주군,경상북도 성주군 선남면 중부내륙고속도로 77 (명포리),남성주참외(창원) 휴게소,휴게시설,고속도로 휴게소,급속,급속(50kW),환경부,환경부(협회),급속(50kW),DC차데모+AC3상+DC콤보,이용가능,"35.8696384,128.3167169"
경상북도,경주시,경상북도 경주시 외동읍 상석길 58-70 (석계리),외동(부산) 휴게소,휴게시설,고속도로 휴게소,급속,급속(50kW),환경부,환경부(협회),급속(50kW),DC차데모+AC3상+DC콤보,이용가능,"35.6722288,129.2853515"
경상북도,경주시,경상북도 경주시 외동읍 상석길 58-70 (석계리),외동(부산) 휴게소,휴게시설,고속도로 휴게소,급속,급속(50kW),환경부,환경부(협회),급속(50kW),DC차데모+AC3상+DC콤보,이용가능,"35.6722288,129.2853515"
경상북도,경주시,경상북도 경주시 외동읍 상석길 58-74 (석계리),외동(포항) 휴게소,휴게시설,고속도로 휴게소,급속,급속(50kW),환경부,환경부(협회),급속(50kW),DC차데모+AC3상+DC콤보,이용가능,"35.6730757,129.2882193"
경상북도,경주시,경상북도 경주시 외동읍 상석길 58-74 (석계리),외동(포항) 휴게소,휴게시설,고속도로 휴게소,급속,급속(50kW),환경부,환경부(협회),급속(50kW),DC차데모+AC3상+DC콤보,이용가능,"35.6730757,129.2882193"
경상북도,경산시,경상북도 경산시 와촌면 강학길 103 (강학리),와촌(포항) 휴게소,휴게시설,고속도로 휴게소,급속,급속(50kW),환경부,환경부(협회),급속(50kW),DC차데모+AC3상+DC콤보,이용가능,"35.9520202,128.7754218"
경상북도,경산시,경상북도 경산시 와촌면 강학길 103 (강학리),와촌(포항) 휴게소,휴게시설,고속도로 휴게소,급속,급속(50kW),환경부,환경부(협회),급속(50kW),DC차데모+AC3상+DC콤보,이용가능,"35.9520202,128.7754218"
경상북도,영천시,경상북도 영천시 청통면 청통로 334-42 (우천리),청통(대구) 휴게소,휴게시설,고속도로 휴게소,급속,급속(50kW),환경부,환경부(협회),급속(50kW),DC차데모+AC3상+DC콤보,이용가능,"35.9938324,128.8600932"
경상북도,영천시,경상북도 영천시 청통면 청통로 334-42 (우천리),청통(대구) 휴게소,휴게시설,고속도로 휴게소,급속,급속(50kW),환경부,환경부(협회),급속(50kW),DC차데모+AC3상+DC콤보,이용가능,"35.9938324,128.8600932"
전북특별자치도,진안군,전북특별자치도 진안군 진안읍 익산장수고속도로 41 (단양리),진안마이산(익산) 휴게소,휴게시설,고속도로 휴게소,급속,급속(50kW),환경부,환경부(협회),급속(50kW),DC차데모+AC3상+DC콤보,이용가능,"35.7782697,127.425744"
전북특별자치도,진안군,전북특별자치도 진안군 진안읍 익산장수고속도로 41 (단양리),진안마이산(익산) 휴게소,휴게시설,고속도로 휴게소,급속,급속(50kW),환경부,환경부(협회),급속(50kW),DC차데모+AC3상+DC콤보,이용가능,"35.7782697,127.425744"
전북특별자치도,진안군,전북특별자치도 진안군 진안읍 익산장수고속도로 42 (단양리),진안마이산(장수) 휴게소,휴게시설,고속도로 휴게소,급속,급속(50kW),환경부,환경부(협회),급속(50kW),DC차데모+AC3상+DC콤보,이용가능,"35.774925,127.4262837"
전북특별자치도,진안군,전북특별자치도 진안군 진안읍 익산장수고속도로 42 (단양리),진안마이산(장수) 휴게소,휴게시설,고속도로 휴게소,급속,급속(50kW),환경부,환경부(협회),급속(50kW),DC차데모+AC3상+DC콤보,이용가능,"35.774925,127.4262837"
경상북도,의성군,경상북도 의성군 안계면 새못안길 45-49 (양곡리),의성(청주) 휴게소,휴게시설,고속도로 휴게소,급속,급속(50kW),환경부,환경부(협회),급속(50kW),DC차데모+AC3상+DC콤보,이용가능,"36.41036,128.4464999"
경상북도,의성군,경상북도 의성군 안계면 새못안길 45-49 (양곡리),의성(청주) 휴게소,휴게시설,고속도로 휴게소,급속,급속(50kW),환경부,환경부(협회),급속(50kW),DC차데모+AC3상+DC콤보,이용가능,"36.41036,128.4464999"
경상북도,의성군,경상북도 의성군 안계면 새못안길 45-47 (양곡리),의성(영덕) 휴게소,휴게시설,고속도로 휴게소,급속,급속(50kW),환경부,환경부(협회),급속(50kW),DC차데모+AC3상+DC콤보,이용가능,"36.40962390,128.44679060"
경상북도,의성군,경상북도 의성군 안계면 새못안길 45-47 (양곡리),의성(영덕) 휴게소,휴게시설,고속도로 휴게소,급속,급속(50kW),환경부,환경부(협회),급속(50kW),DC차데모+AC3상+DC콤보,이용가능,"36.40962390,128.44679060"
충청남도,공주시,충청남도 공주시 의당면 당진영덕고속도로 71 (청룡리),공주(당진) 휴게소,휴게시설,고속도로 휴게소,급속,급속(50kW),환경부,환경부(협회),급속(50kW),DC차데모+AC3상+DC콤보,이용가능,"36.4985499,127.1668661"
충청남도,공주시,충청남도 공주시 의당면 당진영덕고속도로 72 (송선동),공주(대전) 휴게소,휴게시설,고속도로 휴게소,급속,급속(50kW),환경부,환경부(협회),급속(50kW),DC차데모+AC3상+DC콤보,이용가능,"36.4968854,127.1650857"
충청남도,예산군,충청남도 예산군 신양면 당진영덕고속도로 33 (서계양리),예산(당진) 휴게소,휴게시설,고속도로 휴게소,급속,급속(50kW),환경부,환경부(협회),급속(50kW),DC차데모+AC3상+DC콤보,이용가능,"36.6182862,126.8471263"
충청남도,예산군,충청남도 예산군 신양면 당진영덕고속도로 34 (서계양리),예산(대전) 휴게소,휴게시설,고속도로 휴게소,급속,급속(50kW),환경부,환경부(협회),급속(50kW),DC차데모+AC3상+DC콤보,이용가능,"36.6241758,126.8395229"
경기도,안성시,경기도 안성시 서운면 신능리 51-11,안성맞춤(제천) 휴게소,휴게시설,고속도로 휴게소,급속,급속(50kW),환경부,환경부(협회),급속(50kW),DC차데모+AC3상+DC콤보,이용가능,"36.96806,127.2750034"
경기도,안성시,경기도 안성시 서운면 신능리 51-16,안성맞춤(평택) 휴게소,휴게시설,고속도로 휴게소,급속,급속(50kW),환경부,환경부(협회),급속(50kW),DC차데모+AC3상+DC콤보,이용가능,"36.9700252,127.2740842"
충청북도,음성군,충청북도 음성군 금왕읍 평택제천고속도로 70 (용계리),금왕(제천) 휴게소,휴게시설,고속도로 휴게소,급속,급속(50kW),환경부,환경부(협회),급속(50kW),DC차데모+AC3상+DC콤보,이용가능,"36.9688428,127.5902964"
충청북도,음성군,충청북도 음성군 금왕읍 평택제천고속도로 70 (용계리),금왕(제천) 휴게소,휴게시설,고속도로 휴게소,급속,급속(50kW),환경부,환경부(협회),급속(50kW),DC차데모+AC3상+DC콤보,이용가능,"36.9688428,127.5902964"
충청북도,음성군,충청북도 음성군 금왕읍 평택제천고속도로 69 (용계리),금왕(평택) 휴게소,휴게시설,고속도로 휴게소,급속,급속(50kW),환경부,환경부(협회),급속(50kW),DC차데모+AC3상+DC콤보,이용가능,"36.9706659,127.5898638"
충청북도,음성군,충청북도 음성군 금왕읍 평택제천고속도로 69 (용계리),금왕(평택) 휴게소,휴게시설,고속도로 휴게소,급속,급속(50kW),환경부,환경부(협회),급속(50kW),DC차데모+AC3상+DC콤보,이용가능,"36.9706659,127.5898638"
충청북도,음성군,충청북도 음성군 금왕읍 평택제천고속도로 69 (용계리),금왕(평택) 휴게소,휴게시설,고속도로 휴게소,급속,급속(50kW),환경부,환경부(협회),급속(50kW),DC차데모+AC3상+DC콤보,이용가능,"36.9706659,127.5898638"
충청북도,충주시,충청북도 충주시 산척면 평택제천고속도로 109 (영덕리),천등산(평택) 휴게소,휴게시설,고속도로 휴게소,급속,급속(50kW),환경부,환경부(협회),급속(50kW),DC차데모+AC3상+DC콤보,이용가능,"37.0766391,127.9888736"
충청북도,충주시,충청북도 충주시 산척면 평택제천고속도로 109 (영덕리),천등산(평택) 휴게소,휴게시설,고속도로 휴게소,급속,급속(50kW),환경부,환경부(협회),급속(50kW),DC차데모+AC3상+DC콤보,이용가능,"37.0766391,127.9888736"
강원특별자치도,강릉시,강원특별자치도 강릉시 성산면 영동고속도로 231 (보광리),강릉(강릉) 휴게소,휴게시설,고속도로 휴게소,급속,급속(50kW),환경부,환경부(협회),급속(50kW),DC차데모+AC3상+DC콤보,이용가능,"37.7578016,128.8070147"
강원특별자치도,강릉시,강원특별자치도 강릉시 성산면 영동고속도로 231 (보광리),강릉(강릉) 휴게소,휴게시설,고속도로 휴게소,급속,급속(50kW),환경부,환경부(협회),급속(50kW),DC차데모+AC3상+DC콤보,이용가능,"37.7578016,128.8070147"
강원특별자치도,강릉시,강원특별자치도 강릉시 성산면 영동고속도로 231 (보광리),강릉(강릉) 휴게소,휴게시설,고속도로 휴게소,급속,급속(50kW),환경부,환경부(협회),급속(50kW),DC차데모+AC3상+DC콤보,이용가능,"37.7578016,128.8070147"
강원특별자치도,강릉시,강원특별자치도 강릉시 성산면 영동고속도로 232 (보광리),강릉(인천) 휴게소,휴게시설,고속도로 휴게소,급속,급속(50kW),환경부,환경부(협회),급속(50kW),DC차데모+AC3상+DC콤보,이용가능,"37.7593603,128.8054302"
강원특별자치도,강릉시,강원특별자치도 강릉시 성산면 영동고속도로 232 (보광리),강릉(인천) 휴게소,휴게시설,고속도로 휴게소,급속,급속(50kW),환경부,환경부(협회),급속(50kW),DC차데모+AC3상+DC콤보,이용가능,"37.7593603,128.8054302"
강원특별자치도,강릉시,강원특별자치도 강릉시 성산면 영동고속도로 232 (보광리),강릉(인천) 휴게소,휴게시설,고속도로 휴게소,급속,급속(50kW),환경부,환경부(협회),급속(50kW),DC차데모+AC3상+DC콤보,이용가능,"37.7593603,128.8054302"
경기도,여주시,경기도 여주시 가남읍 여주남로 722 (본두리),여주(강릉) 휴게소,휴게시설,고속도로 휴게소,급속,급속(50kW),환경부,환경부(협회),급속(50kW),DC차데모+AC3상+DC콤보,이용가능,"37.2382316,127.5703288"
경기도,여주시,경기도 여주시 가남읍 화평길 116 (본두리),여주(인천) 휴게소,휴게시설,고속도로 휴게소,급속,급속(50kW),환경부,환경부(협회),급속(50kW),DC차데모+AC3상+DC콤보,이용가능,"37.2397087,127.5692985"
경기도,용인시,경기도 용인시 처인구 주북로94번길 30-1 (고림동),용인(강릉) 휴게소,휴게시설,고속도로 휴게소,급속,급속(50kW),환경부,환경부(협회),급속(50kW),DC차데모+AC3상+DC콤보,이용가능,"37.2458742,127.2429327"
경기도,용인시,경기도 용인시 처인구 주북로94번길 30-1 (고림동),용인(강릉) 휴게소,휴게시설,고속도로 휴게소,급속,급속(50kW),환경부,환경부(협회),급속(50kW),DC차데모+AC3상+DC콤보,이용가능,"37.2458742,127.2429327"
경기도,용인시,경기도 용인시 처인구 주북로 66-14 (고림동),용인(인천) 휴게소,휴게시설,고속도로 휴게소,급속,급속(50kW),환경부,환경부(협회),급속(50kW),DC차데모+AC3상+DC콤보,이용가능,"37.2478126,127.2389965"
경기도,용인시,경기도 용인시 처인구 주북로 66-14 (고림동),용인(인천) 휴게소,휴게시설,고속도로 휴게소,급속,급속(50kW),환경부,환경부(협회),급속(50kW),DC차데모+AC3상+DC콤보,이용가능,"37.2478126,127.2389965"
경기도,구리시,경기도 구리시 서울외곽순환고속도로 32 (사노동),구리(일산) 휴게소,휴게시설,고속도로 휴게소,급속,급속(50kW),환경부,환경부(협회),급속(50kW),DC차데모+AC3상+DC콤보,이용가능,"37.627658,127.1394734"
경기도,성남시,경기도 성남시 수정구 산성대로 41 (수진동),성남휴게소(외측방향),휴게시설,고속도로 휴게소,급속,급속(50kW),환경부,환경부(협회),급속(50kW),DC차데모+AC3상+DC콤보,이용가능,"37.4355238,127.1241389"
경기도,성남시,경기도 성남시 수정구 산성대로 41 (수진동),성남휴게소(외측방향),휴게시설,고속도로 휴게소,급속,급속(50kW),환경부,환경부(협회),급속(50kW),DC차데모+AC3상+DC콤보,이용가능,"37.4355238,127.1241389"
경상남도,김해시,경상남도 김해시 장유로116번길 44-82 (부곡동),장유(서부산) 휴게소,휴게시설,고속도로 휴게소,급속,급속(50kW),환경부,환경부(협회),급속(50kW),DC차데모+AC3상+DC콤보,이용가능,"35.2113491,128.7939876"
경상남도,김해시,경상남도 김해시 장유로116번길 44-82 (부곡동),장유(서부산) 휴게소,휴게시설,고속도로 휴게소,급속,급속(50kW),환경부,환경부(협회),급속(50kW),DC차데모+AC3상+DC콤보,이용가능,"35.2113491,128.7939876"
충청남도,부여군,충청남도 부여군 내산면 서천공주고속도로 26 (율암리),부여백제(공주) 휴게소,휴게시설,고속도로 휴게소,급속,급속(50kW),환경부,환경부(협회),급속(50kW),DC차데모+AC3상+DC콤보,이용가능,"36.2595399,126.8007516"
충청남도,부여군,충청남도 부여군 내산면 서천공주고속도로 25 (율암리),부여백제(서천) 휴게소,휴게시설,고속도로 휴게소,급속,급속(50kW),환경부,환경부(협회),급속(50kW),DC차데모+AC3상+DC콤보,이용가능,"36.2570854,126.7961141"
경기도,화성시,경기도 화성시 봉담읍 내리 13-5 인근,비봉영업소,공공시설,공공기관,급속,급속(50kW),환경부,환경부(협회),급속(50kW),DC차데모+AC3상+DC콤보,이용가능,"37.2325528,126.9041303"
경기도,시흥시,경기도 시흥시 금이진말길 34,물왕영업소,공공시설,공공기관,급속,급속(50kW),환경부,환경부(협회),급속(50kW),DC차데모+AC3상+DC콤보,이용가능,"37.391825,126.8296762"
경기도,시흥시,경기도 시흥시 금이진말길 34,물왕영업소,공공시설,공공기관,급속,급속(50kW),환경부,환경부(협회),급속(50kW),DC차데모+AC3상+DC콤보,이용가능,"37.391825,126.8296762"
경상북도,김천시,경상북도 김천시 혁신8로 77,한국도로공사본사,공공시설,공공기관,급속,급속(50kW),환경부,환경부(협회),급속(50kW),DC차데모+AC3상+DC콤보,이용가능,"36.1279350,128.1900168"
경상북도,김천시,경상북도 김천시 혁신8로 77,한국도로공사본사,공공시설,공공기관,급속,급속(50kW),환경부,환경부(협회),급속(50kW),DC차데모+AC3상+DC콤보,이용가능,"36.1279350,128.1900168"
경상남도,창원시,경상남도 창원시 의창구 의창대로 1024,한국도로공사창원지사,공공시설,공공기관,급속,급속(50kW),환경부,환경부(협회),급속(50kW),DC차데모+AC3상+DC콤보,이용가능,"35.2846133,128.7002089"
대전광역시,대덕구,대전광역시 대덕구 동서대로 1855,한국도로공사대전지사,공공시설,공공기관,급속,급속(50kW),환경부,환경부(협회),급속(50kW),DC차데모+AC3상+DC콤보,이용가능,"36.3613313,127.4484343"
강원특별자치도,원주시,강원특별자치도 원주시 북원로 2873,한국도로공사원주지사,공공시설,공공기관,급속,급속(50kW),환경부,환경부(협회),급속(50kW),DC차데모+AC3상+DC콤보,이용가능,"37.3995544,127.952555"
전라남도,담양군,전라남도 담양군 대전면 중옥길 34,한국도로공사담양지사,공공시설,공공기관,급속,급속(50kW),환경부,환경부(협회),급속(50kW),DC차데모+AC3상+DC콤보,이용가능,"35.2606176,126.8869001"
경상북도,구미시,경상북도 구미시 도개면 용산리,낙동강구미휴게소(상행),휴게시설,고속도로 휴게소,급속,급속(50kW),환경부,환경부(협회),급속(50kW),DC차데모+AC3상+DC콤보,이용가능,"36.3430327,128.3013225"
경상북도,구미시,경상북도 구미시 도개면 용산리,낙동강구미휴게소(상행),휴게시설,고속도로 휴게소,급속,급속(50kW),환경부,환경부(협회),급속(50kW),DC차데모+AC3상+DC콤보,이용가능,"36.3430327,128.3013225"
경상북도,구미시,경상북도 구미시 도개면 용산리 산21-8,낙동강의성휴게소(하행),휴게시설,고속도로 휴게소,급속,급속(50kW),환경부,환경부(협회),급속(50kW),DC차데모+AC3상+DC콤보,이용가능,"36.345174,128.2967428"
경상북도,구미시,경상북도 구미시 도개면 용산리 산21-8,낙동강의성휴게소(하행),휴게시설,고속도로 휴게소,급속,급속(50kW),환경부,환경부(협회),급속(50kW),DC차데모+AC3상+DC콤보,이용가능,"36.345174,128.2967428"
경상북도,군위군,경상북도 군위군 산성면 백학리,군위영천휴게소(하행),휴게시설,고속도로 휴게소,급속,급속(50kW),환경부,환경부(협회),급속(50kW),DC차데모+AC3상+DC콤보,이용가능,"36.070161,128.7097063"
경상북도,군위군,경상북도 군위군 산성면 백학리,군위영천휴게소(하행),휴게시설,고속도로 휴게소,급속,급속(50kW),환경부,환경부(협회),급속(50kW),DC차데모+AC3상+DC콤보,이용가능,"36.070161,128.7097063"
경기도,광주시,경기도 광주시 곤지암읍 만삼로 270,경기광주(원주) 휴게소,휴게시설,고속도로 휴게소,급속,급속(50kW),환경부,환경부(협회),급속(50kW),DC차데모+AC3상+DC콤보,이용가능,"37.3786675,127.4349428"
경기도,광주시,경기도 광주시 곤지암읍 만삼로 211,경기광주(서울) 휴게소,휴게시설,고속도로 휴게소,급속,급속(50kW),환경부,환경부(협회),급속(50kW),DC차데모+AC3상+DC콤보,이용가능,"37.3797649,127.4264082"
경기도,양평군,경기도 양평군 양동면 단석리 506-7,양평(원주) 휴게소,휴게시설,고속도로 휴게소,급속,급속(50kW),환경부,환경부(협회),급속(50kW),DC차데모+AC3상+DC콤보,이용가능,"37.3958030,127.7274011"
경기도,양평군,경기도 양평군 양동면 단석리 513-2 (여양3로 384-27),양평(광주) 휴게소,휴게시설,고속도로 휴게소,급속,급속(50kW),환경부,환경부(협회),급속(50kW),DC차데모+AC3상+DC콤보,이용가능,"37.3979511,127.7245558"
경기도,오산시,경기도 오산시 지곶동 산60,오산(과천) 휴게소,휴게시설,고속도로 휴게소,급속,급속(50kW),환경부,환경부(협회),급속(50kW),DC차데모+AC3상+DC콤보,이용가능,"37.1790234,127.0373578"
경기도,오산시,경기도 오산시 금암동 41-2,오산(동탄) 휴게소,휴게시설,고속도로 휴게소,급속,급속(50kW),환경부,환경부(협회),급속(50kW),DC차데모+AC3상+DC콤보,이용가능,"37.1764775,127.0386451"
경기도,시흥시,경기도 시흥시 조남동,시흥본선상공형휴게시설(일산) 휴게소,휴게시설,고속도로 휴게소,급속,급속(50kW),환경부,환경부(협회),급속(50kW),DC차데모+AC3상+DC콤보,이용가능,"37.3839332,126.8567118"
경기도,시흥시,경기도 시흥시 조남동,시흥본선상공형휴게시설(일산) 휴게소,휴게시설,고속도로 휴게소,급속,급속(50kW),환경부,환경부(협회),급속(50kW),DC차데모+AC3상+DC콤보,이용가능,"37.3839332,126.8567118"
경기도,시흥시,경기도 시흥시 조남동,시흥본선상공형휴게시설(일산) 휴게소,휴게시설,고속도로 휴게소,급속,급속(50kW),환경부,환경부(협회),급속(50kW),DC차데모+AC3상+DC콤보,이용가능,"37.3839332,126.8567118"
경기도,시흥시,경기도 시흥시 조남동,시흥본선상공형휴게시설(일산) 휴게소,휴게시설,고속도로 휴게소,급속,급속(50kW),환경부,환경부(협회),급속(50kW),DC차데모+AC3상+DC콤보,이용가능,"37.3839332,126.8567118"
경기도,시흥시,경기도 시흥시 조남동,시흥본선상공형휴게시설(판교) 휴게소,휴게시설,고속도로 휴게소,급속,급속(50kW),환경부,환경부(협회),급속(50kW),DC차데모+AC3상+DC콤보,이용가능,"37.384441,126.8552842"
경기도,시흥시,경기도 시흥시 조남동,시흥본선상공형휴게시설(판교) 휴게소,휴게시설,고속도로 휴게소,급속,급속(50kW),환경부,환경부(협회),급속(50kW),DC차데모+AC3상+DC콤보,이용가능,"37.384441,126.8552842"
경기도,시흥시,경기도 시흥시 조남동,시흥본선상공형휴게시설(판교) 휴게소,휴게시설,고속도로 휴게소,급속,급속(50kW),환경부,환경부(협회),급속(50kW),DC차데모+AC3상+DC콤보,이용가능,"37.384441,126.8552842"
경기도,시흥시,경기도 시흥시 조남동,시흥본선상공형휴게시설(판교) 휴게소,휴게시설,고속도로 휴게소,급속,급속(50kW),환경부,환경부(협회),급속(50kW),DC차데모+AC3상+DC콤보,이용가능,"37.384441,126.8552842"
강원특별자치도,춘천시,강원특별자치도 춘천시 세실로 108 (석사동),롯데마트 석사점,상업시설,마트(쇼핑몰),급속,급속(50kW),환경부,환경부(협회),급속(50kW),DC차데모+AC3상+DC콤보,이용가능,"37.866422,127.759658"
강원특별자치도,춘천시,강원특별자치도 춘천시 세실로 108 (석사동),롯데마트 석사점,상업시설,마트(쇼핑몰),급속,급속(50kW),환경부,환경부(협회),급속(50kW),DC차데모+AC3상+DC콤보,이용가능,"37.866422,127.759658"
전북특별자치도,군산시,전북특별자치도 군산시 수송로 185 (수송동),롯데마트 군산점,상업시설,마트(쇼핑몰),급속,급속(50kW),환경부,환경부(협회),급속(50kW),DC차데모+AC3상+DC콤보,이용가능,"35.9647788,126.7163555"
전북특별자치도,군산시,전북특별자치도 군산시 수송로 185 (수송동),롯데마트 군산점,상업시설,마트(쇼핑몰),급속,급속(50kW),환경부,환경부(협회),급속(50kW),DC차데모+AC3상+DC콤보,이용가능,"35.9647788,126.7163555"
전북특별자치도,익산시,전북특별자치도 익산시 무왕로 1053 (영등동),롯데마트 익산점,상업시설,마트(쇼핑몰),급속,급속(50kW),환경부,환경부(협회),급속(50kW),DC차데모+AC3상+DC콤보,이용가능,"35.9597398,126.9741078"
전북특별자치도,익산시,전북특별자치도 익산시 무왕로 1053 (영등동),롯데마트 익산점,상업시설,마트(쇼핑몰),급속,급속(50kW),환경부,환경부(협회),급속(50kW),DC차데모+AC3상+DC콤보,이용가능,"35.9597398,126.9741078"
전북특별자치도,익산시,전북특별자치도 익산시 무왕로 1053 (영등동),롯데마트 익산점,상업시설,마트(쇼핑몰),급속,급속(50kW),환경부,환경부(협회),급속(50kW),DC차데모+AC3상+DC콤보,이용가능,"35.9597398,126.9741078"
충청남도,서산시,충청남도 서산시 충의로 27 (예천동),롯데마트 서산점,상업시설,마트(쇼핑몰),급속,급속(50kW),환경부,환경부(협회),급속(50kW),DC차데모+AC3상+DC콤보,이용가능,"36.7723565,126.4397316"
전라남도,장성군,전라남도 장성군 북이면 호남고속도로 107 (모현리),백양사(순천) 휴게소,휴게시설,고속도로 휴게소,급속,급속(50kW),환경부,환경부(협회),급속(50kW),DC차데모+AC3상+DC콤보,이용가능,"35.3941502,126.8060197"
강원특별자치도,원주시,강원특별자치도 원주시 문막읍 개나루길 13,문막(인천) 휴게소,휴게시설,고속도로 휴게소,급속,급속(50kW),환경부,환경부(협회),급속(50kW),DC차데모+AC3상+DC콤보,이용가능,"37.2978603,127.8173718"
강원특별자치도,원주시,강원특별자치도 원주시 문막읍 개나루길 13,문막(인천) 휴게소,휴게시설,고속도로 휴게소,급속,급속(50kW),환경부,환경부(협회),급속(50kW),DC차데모+AC3상+DC콤보,이용가능,"37.2978603,127.8173718"
강원특별자치도,원주시,강원특별자치도 원주시 문막읍 개나루길 13,문막(인천) 휴게소,휴게시설,고속도로 휴게소,급속,급속(50kW),환경부,환경부(협회),급속(50kW),DC차데모+AC3상+DC콤보,이용가능,"37.2978603,127.8173718"
전라남도,목포시,전라남도 목포시 원형서로 15 롯데마트목포점,롯데마트 목포점,상업시설,마트(쇼핑몰),급속,급속(50kW),환경부,환경부(협회),급속(50kW),DC차데모+AC3상+DC콤보,이용가능,"34.7972912,126.4294846"
전라남도,목포시,전라남도 목포시 원형서로 15 롯데마트목포점,롯데마트 목포점,상업시설,마트(쇼핑몰),급속,급속(50kW),환경부,환경부(협회),급속(50kW),DC차데모+AC3상+DC콤보,이용가능,"34.7972912,126.4294846"
경상남도,김해시,경상남도 김해시 번화1로56번길 15 롯데마트,롯데마트 장유점,상업시설,마트(쇼핑몰),급속,급속(50kW),환경부,환경부(협회),급속(50kW),DC차데모+AC3상+DC콤보,이용가능,"35.193012,128.8013646"
충청북도,옥천군,충청북도 옥천군 옥천읍 서대구일로 265-19 (매화리),옥천(부산) 휴게소,휴게시설,고속도로 휴게소,급속,급속(50kW),환경부,환경부(협회),급속(50kW),DC차데모+AC3상+DC콤보,이용가능,"36.2967021,127.5959471"
서울특별시,서대문구,서울특별시 서대문구 연희로 353,스위스그랜드호텔(구 그랜드힐튼호텔),상업시설,숙박시설,급속,급속(50kW),환경부,환경부(협회),급속(50kW),DC차데모+AC3상+DC콤보,이용가능,"37.590003,126.934744"
인천광역시,연수구,인천광역시 연수구 능허대로 236,송도골프,상업시설,골프장(CC),급속,급속(50kW),환경부,환경부(협회),급속(50kW),DC차데모+AC3상+DC콤보,이용가능,"37.414647,126.651105"
인천광역시,연수구,인천광역시 연수구 능허대로 236,송도골프,상업시설,골프장(CC),급속,급속(50kW),환경부,환경부(협회),급속(50kW),DC차데모+AC3상+DC콤보,이용가능,"37.414647,126.651105"
경기도,안성시,경기도 안성시 원곡면 산하리 421-4 ,안성(서울) 휴게소,휴게시설,고속도로 휴게소,급속,급속(50kW),환경부,환경부(협회),급속(50kW),DC차데모+AC3상+DC콤보,이용가능,"37.076523,127.132887"
경기도,의정부시,경기도 의정부시 장곡로 224 (장암동),롯데마트 장암점,상업시설,마트(쇼핑몰),급속,급속(50kW),환경부,환경부(협회),급속(50kW),DC차데모+AC3상+DC콤보,이용가능,"37.723617,127.053002"
경기도,시흥시,경기도 시흥시 시흥대로869,S-oil 셀프 신현주유소(영광셀프주유소),상업시설,주유소,급속,급속(50kW),환경부,환경부(협회),급속(50kW),DC차데모+AC3상+DC콤보,이용가능,"37.413952,126.788019"
경기도,파주시,경기도 파주시 탄현면 헤이리마을길82-105,헤이리아트밸리,관광시설,공원,급속,급속(50kW),환경부,환경부(협회),급속(50kW),DC차데모+AC3상+DC콤보,이용가능,"37.788197,126.703787"
경기도,의정부시,경기도 의정부시 동일로30,장암주유소,상업시설,주유소,급속,급속(50kW),환경부,환경부(협회),급속(50kW),DC차데모+AC3상+DC콤보,이용가능,"37.69218,127.055326"
경기도,의정부시,경기도 의정부시 호원동 229-160,북한산국립공원 원도봉 제3주차장,관광시설,공원,급속,급속(50kW),환경부,환경부(협회),급속(50kW),DC차데모+AC3상+DC콤보,이용가능,"37.705902,127.037318"
경기도,의정부시,경기도 의정부시 호원동 229-160,북한산국립공원 원도봉 제3주차장,관광시설,공원,급속,급속(50kW),환경부,환경부(협회),급속(50kW),DC차데모+AC3상+DC콤보,이용가능,"37.705902,127.037318"
경기도,남양주시,경기도 남양주시 화도읍 묵현로 91,천마산군립공원 공영주차장,주차시설,공영주차장,급속,급속(50kW),환경부,환경부(협회),급속(50kW),DC차데모+AC3상+DC콤보,이용가능,"37.663790,127.292045"
경기도,남양주시,경기도 남양주시 화도읍 묵현로 91,천마산군립공원 공영주차장,주차시설,공영주차장,급속,급속(50kW),환경부,환경부(협회),급속(50kW),DC차데모+AC3상+DC콤보,이용가능,"37.663790,127.292045"
경기도,김포시,경기도 김포시 양촌읍 누산리 295-7,유카스주유소,상업시설,주유소,급속,급속(50kW),환경부,환경부(협회),급속(50kW),DC차데모+AC3상+DC콤보,이용가능,"37.6623722,126.6623586"
경기도,김포시,경기도 김포시 양촌읍 누산리 295-7,유카스주유소,상업시설,주유소,급속,급속(50kW),환경부,환경부(협회),급속(50kW),DC차데모+AC3상+DC콤보,이용가능,"37.6623722,126.6623586"
경기도,용인시,경기도 용인시 처인구 동백죽전대로 61,용인시민체육공원,교육문화시설,경기장,급속,급속(100kW동시),환경부,환경부(협회),급속(100kW동시),DC차데모+AC3상+DC콤보,이용가능,"37.24888,127.16437"
경기도,용인시,경기도 용인시 처인구 동백죽전대로 61,용인시민체육공원,교육문화시설,경기장,급속,급속(100kW동시),환경부,환경부(협회),급속(100kW동시),DC차데모+AC3상+DC콤보,이용가능,"37.24888,127.16437"
경기도,용인시,경기도 용인시 처인구 동백죽전대로 61,용인시민체육공원,교육문화시설,경기장,급속,급속(100kW동시),환경부,환경부(협회),급속(100kW동시),DC콤보,이용가능,"37.24888,127.16437"
경기도,용인시,경기도 용인시 처인구 동백죽전대로 61,용인시민체육공원,교육문화시설,경기장,급속,급속(100kW동시),환경부,환경부(협회),급속(100kW동시),DC콤보,이용가능,"37.24888,127.16437"
경기도,양주시,경기도 양주시 장흥면 서울외곽순환고속도로 58,KH양주휴게소,휴게시설,고속도로 휴게소,급속,급속(50kW),환경부,환경부(협회),급속(50kW),DC차데모+AC3상+DC콤보,이용가능,"37.679283,126.915681"
인천광역시,서구,인천광역시 서구 원당대로 581 (마전동),롯데마트 검단점,상업시설,마트(쇼핑몰),급속,급속(50kW),환경부,환경부(협회),급속(50kW),DC차데모+AC3상+DC콤보,이용가능,"37.594453,126.664638"
경기도,수원시,경기도 수원시 영통구 센트럴타운로 85-0 (이의동),롯데마트 광교점,상업시설,마트(쇼핑몰),급속,급속(50kW),환경부,환경부(협회),급속(50kW),DC차데모+AC3상+DC콤보,이용가능,"37.290317,127.051032"
경기도,수원시,경기도 수원시 장안구 만석로19번길 25-10 (천천동),롯데마트 천천점,상업시설,마트(쇼핑몰),급속,급속(50kW),환경부,환경부(협회),급속(50kW),DC차데모+AC3상+DC콤보,이용가능,"37.296102,126.982343"
경기도,수원시,경기도 수원시 장안구 만석로19번길 25-10 (천천동),롯데마트 천천점,상업시설,마트(쇼핑몰),급속,급속(50kW),환경부,환경부(협회),급속(50kW),DC차데모+AC3상+DC콤보,이용가능,"37.296102,126.982343"
경기도,오산시,경기도 오산시 경기대로 271-0 (오산동),롯데마트 오산점,상업시설,마트(쇼핑몰),급속,급속(50kW),환경부,환경부(협회),급속(50kW),DC차데모+AC3상+DC콤보,이용가능,"37.14941,127.073034"
경기도,의왕시,경기도 의왕시 계원대학로 7-0 (내손동),롯데마트 의왕점,상업시설,마트(쇼핑몰),급속,급속(50kW),환경부,환경부(협회),급속(50kW),DC차데모+AC3상+DC콤보,이용가능,"37.38044,126.972793"
경기도,군포시,경기도 군포시 번영로 485 (산본동),롯데마트 피트인산본점,상업시설,마트(쇼핑몰),급속,급속(50kW),환경부,환경부(협회),급속(50kW),DC차데모+AC3상+DC콤보,이용가능,"37.357742,126.930631"
인천광역시,서구,인천광역시 서구 청라 커낼로 252(경서동),롯데마트 청라점,상업시설,마트(쇼핑몰),급속,급속(50kW),환경부,환경부(협회),급속(50kW),DC차데모+AC3상+DC콤보,이용가능,"37.531263,126.648695"
인천광역시,서구,인천광역시 서구 청라 커낼로 252(경서동),롯데마트 청라점,상업시설,마트(쇼핑몰),급속,급속(50kW),환경부,환경부(협회),급속(50kW),DC차데모+AC3상+DC콤보,이용가능,"37.531263,126.648695"
경기도,남양주시,경기도 남양주시 와부읍 월문천로 33 (덕소리),롯데마트 덕소점,상업시설,마트(쇼핑몰),급속,급속(50kW),환경부,환경부(협회),급속(50kW),DC차데모+AC3상+DC콤보,이용가능,"37.584649,127.214612"
서울특별시,중구,서울특별시 중구 소공로 51번지,우리은행본점,근린생활시설,금융기관,급속,급속(50kW),환경부,환경부(협회),급속(50kW),DC차데모+AC3상+DC콤보,이용가능,"37.559534,126.981817"
서울특별시,중구,서울특별시 중구 소공로 51번지,우리은행본점,근린생활시설,금융기관,급속,급속(50kW),환경부,환경부(협회),급속(50kW),DC차데모+AC3상+DC콤보,이용가능,"37.559534,126.981817"
경기도,파주시,경기도 파주시 회동길 390롯데 파주 프리미엄 아울렛,롯데프리미엄아울렛파주점,상업시설,백화점,급속,급속(50kW),환경부,환경부(협회),급속(50kW),DC차데모+AC3상+DC콤보,이용가능,"37.719679,126.693083"
경기도,파주시,경기도 파주시 회동길 390롯데 파주 프리미엄 아울렛,롯데프리미엄아울렛파주점,상업시설,백화점,급속,급속(50kW),환경부,환경부(협회),급속(50kW),DC차데모+AC3상+DC콤보,이용가능,"37.719679,126.693083"
경상남도,산청군,경상남도 산청군 시천면 중산리 619-12,지리산국립공원 중산리주차장,관광시설,공원,급속,급속(50kW),환경부,환경부(협회),급속(50kW),DC차데모+AC3상+DC콤보,이용가능,"35.304022,127.74934"
경상남도,산청군,경상남도 산청군 시천면 중산리 619-12,지리산국립공원 중산리주차장,관광시설,공원,급속,급속(50kW),환경부,환경부(협회),급속(50kW),DC차데모+AC3상+DC콤보,이용가능,"35.304022,127.74934"
경상남도,하동군,경상남도 하동군 화개면 용강리 400-5,지리산국립공원 쌍계사 주차장,관광시설,공원,급속,급속(50kW),환경부,환경부(협회),급속(50kW),DC차데모+AC3상+DC콤보,이용가능,"35.2305680,127.6422641"
경상남도,하동군,경상남도 하동군 화개면 용강리 400-5,지리산국립공원 쌍계사 주차장,관광시설,공원,급속,급속(50kW),환경부,환경부(협회),급속(50kW),DC차데모+AC3상+DC콤보,이용가능,"35.2305680,127.6422641"
경상남도,남해군,경상남도 남해군 설천면 노량리 410-36,한려해상국립공원사무소 노량분소,공공시설,공공기관,급속,급속(50kW),환경부,환경부(협회),급속(50kW),DC차데모+AC3상+DC콤보,이용가능,"34.939704,127.875309"
경상남도,남해군,경상남도 남해군 설천면 노량리 410-36,한려해상국립공원사무소 노량분소,공공시설,공공기관,급속,급속(50kW),환경부,환경부(협회),급속(50kW),DC차데모+AC3상+DC콤보,이용가능,"34.939704,127.875309"
경상남도,남해군,경상남도 남해군 이동면 보리암로 287,한려해상국립공원사무소 금산분소,공공시설,공공기관,급속,급속(50kW),환경부,환경부(협회),급속(50kW),DC차데모+AC3상+DC콤보,이용가능,"34.773405,127.987807"
경상남도,남해군,경상남도 남해군 이동면 보리암로 287,한려해상국립공원사무소 금산분소,공공시설,공공기관,급속,급속(50kW),환경부,환경부(협회),급속(50kW),DC차데모+AC3상+DC콤보,이용가능,"34.773405,127.987807"
경상북도,성주군,경상북도 성주군 수륜면 가야산식물원길 49,가야산 백운동 주차장,주차시설,공원주차장,급속,급속(50kW),환경부,환경부(협회),급속(50kW),DC차데모+AC3상+DC콤보,이용가능,"35.8014618,128.1419992"
경상북도,성주군,경상북도 성주군 수륜면 가야산식물원길 49,가야산 백운동 주차장,주차시설,공원주차장,급속,급속(50kW),환경부,환경부(협회),급속(50kW),DC차데모+AC3상+DC콤보,이용가능,"35.8014618,128.1419992"
부산광역시,강서구,부산광역시 강서구 가락대로 929,한국마사회 부산경남지역본부,공공시설,공공기관,급속,급속(50kW),환경부,환경부(협회),급속(50kW),DC차데모+AC3상+DC콤보,이용가능,"35.1521204,128.8739107"
부산광역시,부산진구,부산광역시 부산진구 성지곡로 3,부산 어린이 대공원,관광시설,공원,급속,급속(50kW),환경부,환경부(협회),급속(50kW),DC차데모+AC3상+DC콤보,이용가능,"35.1831134,129.0459801"
부산광역시,부산진구,부산광역시 부산진구 화지로 12,부산시 교육청,공공시설,공공기관,급속,급속(50kW),환경부,환경부(협회),급속(50kW),DC차데모+AC3상+DC콤보,이용가능,"35.1761301,129.0639265"
부산광역시,연제구,부산광역시 연제구 거제동 1312,부산아시아드보조경기장VIP주차장,교육문화시설,경기장,급속,급속(100kW동시),환경부,환경부(협회),급속(100kW동시),DC차데모+AC3상+DC콤보,이용가능,"35.1883518,129.0555415"
부산광역시,연제구,부산광역시 연제구 거제동 1312,부산아시아드보조경기장VIP주차장,교육문화시설,경기장,급속,급속(100kW동시),환경부,환경부(협회),급속(100kW동시),DC차데모+AC3상+DC콤보,이용가능,"35.1883518,129.0555415"
부산광역시,연제구,부산광역시 연제구 거제동 1312,부산아시아드보조경기장VIP주차장,교육문화시설,경기장,급속,급속(100kW동시),환경부,환경부(협회),급속(100kW동시),DC콤보,이용가능,"35.1883518,129.0555415"
부산광역시,연제구,부산광역시 연제구 거제동 1312,부산아시아드보조경기장VIP주차장,교육문화시설,경기장,급속,급속(100kW동시),환경부,환경부(협회),급속(100kW동시),DC콤보,이용가능,"35.1883518,129.0555415"
부산광역시,연제구,부산광역시 연제구 거제동 1312,부산아시아드보조경기장VIP주차장,교육문화시설,경기장,급속,급속(100kW동시),환경부,환경부(협회),급속(100kW동시),DC콤보,이용가능,"35.1883518,129.0555415"
부산광역시,연제구,부산광역시 연제구 거제동 1312,부산아시아드보조경기장VIP주차장,교육문화시설,경기장,급속,급속(100kW동시),환경부,환경부(협회),급속(100kW동시),DC콤보,이용가능,"35.1883518,129.0555415"
경상남도,밀양시,경상남도 밀양시 삼랑진읍 삼랑진로 390,만포주유소,상업시설,주유소,급속,급속(50kW),환경부,환경부(협회),급속(50kW),DC차데모+AC3상+DC콤보,이용가능,"35.3986763,128.8194807"
경상남도,양산시,경상남도 양산시 신평강변8길 11,통도호텔,상업시설,숙박시설,급속,급속(50kW),환경부,환경부(협회),급속(50kW),DC차데모+AC3상+DC콤보,이용가능,"35.4933035,129.0836632"
경상남도,양산시,경상남도 양산시 어곡터널로40,포유주유소,상업시설,주유소,급속,급속(50kW),환경부,환경부(협회),급속(50kW),DC차데모+AC3상+DC콤보,이용가능,"35.375148,129.031419"
경상남도,양산시,경상남도 양산시 물금읍 황산로501,S-oil 물금주유소,상업시설,주유소,급속,급속(50kW),환경부,환경부(협회),급속(50kW),DC차데모+AC3상+DC콤보,이용가능,"35.319283,128.994106"
경상남도,의령군,경상남도 의령군 의령읍 백산로4,중앙주유소,상업시설,주유소,급속,급속(50kW),환경부,환경부(협회),급속(50kW),DC차데모+AC3상+DC콤보,이용가능,"35.320263,128.2645"
울산광역시,북구,울산광역시 북구 산업로1103,울산공항,공공시설,공공기관,급속,급속(50kW),환경부,환경부(협회),급속(50kW),DC차데모+AC3상+DC콤보,이용가능,"35.5935340,129.3563519"
경상남도,창원시,경상남도 창원시 장군동4가 3-6,마산의료원,근린생활시설,병원,급속,급속(50kW),환경부,환경부(협회),급속(50kW),DC차데모+AC3상+DC콤보,이용가능,"35.199462,128.565332"
경상남도,창원시,경상남도 창원시 의창구 창원대로314,남광석유판매,상업시설,주유소,급속,급속(50kW),환경부,환경부(협회),급속(50kW),DC차데모+AC3상+DC콤보,이용가능,"35.2378687,128.6340877"
경상남도,창원시,경상남도 창원시 의창구 소계로 33,중앙모터스,차량정비시설,정비소,급속,급속(50kW),환경부,환경부(협회),급속(50kW),DC차데모+AC3상+DC콤보,이용가능,"35.25481,128.603051"
경상남도,합천군,경상남도 합천군 쌍백면 쌍백중앙로162-8,합천관광휴게소,휴게시설,지방도로 휴게소,급속,급속(50kW),환경부,환경부(협회),급속(50kW),DC차데모+AC3상+DC콤보,이용가능,"35.449674,128.14454"
부산광역시,동래구,부산광역시 동래구 중앙대로 1393 (온천동),롯데마트 동래점,상업시설,마트(쇼핑몰),급속,급속(50kW),환경부,환경부(협회),급속(50kW),DC차데모+AC3상+DC콤보,이용가능,"35.2120818,129.0775199"
부산광역시,중구,부산광역시 중구 중앙대로2 (중앙동7가),롯데마트 광복점,상업시설,마트(쇼핑몰),급속,급속(50kW),환경부,환경부(협회),급속(50kW),DC차데모+AC3상+DC콤보,이용가능,"35.097858,129.036146"
경상남도,거제시,경상남도 거제시 서간도길 9-9 (옥포동),롯데마트 거제점,상업시설,마트(쇼핑몰),급속,급속(50kW),환경부,환경부(협회),급속(50kW),DC차데모+AC3상+DC콤보,이용가능,"34.888448,128.691064"
경상남도,창원시,경상남도 창원시 의창구 원이대로 320 (두대동),롯데마트 시티세븐점,상업시설,마트(쇼핑몰),급속,급속(50kW),환경부,환경부(협회),급속(50kW),DC차데모+AC3상+DC콤보,이용가능,"35.2399857,128.6536139"
경상남도,창원시,경상남도 창원시 의창구 원이대로 320 (두대동),롯데마트 시티세븐점,상업시설,마트(쇼핑몰),급속,급속(50kW),환경부,환경부(협회),급속(50kW),DC차데모+AC3상+DC콤보,이용가능,"35.2399857,128.6536139"
경상남도,창원시,경상남도 창원시 마산회원구 삼호로 80 (양덕동),롯데마트 양덕점,상업시설,마트(쇼핑몰),급속,급속(50kW),환경부,환경부(협회),급속(50kW),DC차데모+AC3상+DC콤보,이용가능,"35.223311,128.585287"
부산광역시,강서구,부산광역시 강서구 공항진입로 108,김해공항,공공시설,공공기관,급속,급속(50kW),환경부,환경부(협회),급속(50kW),DC차데모+AC3상+DC콤보,이용가능,"35.1729234,128.9491172"
부산광역시,강서구,부산광역시 강서구 공항진입로 108,김해공항,공공시설,공공기관,급속,급속(50kW),환경부,환경부(협회),급속(50kW),DC차데모+AC3상+DC콤보,이용가능,"35.1729234,128.9491172"
대구광역시,달서구,대구광역시 달서구 대곡동 1035,대구지방합동청사,공공시설,지자체시설,급속,급속(50kW),환경부,환경부(협회),급속(50kW),DC차데모+AC3상+DC콤보,이용가능,"35.8041984,128.5166757"
대구광역시,달성군,대구광역시 달성군 가창면 가창로607-2,㈜정방,상업시설,카페,급속,급속(50kW),환경부,환경부(협회),급속(50kW),DC차데모+AC3상+DC콤보,이용가능,"35.767508,128.648903"
경상북도,경산시,경상북도 경산시 진량읍 공단로 299,신공단주유소,상업시설,주유소,급속,급속(50kW),환경부,환경부(협회),급속(50kW),DC차데모+AC3상+DC콤보,이용가능,"35.858188024,128.82018737"
경상북도,경주시,경상북도 경주시 외동읍 산업로 2759,현대LPG행복충전소,상업시설,주유소,급속,급속(50kW),환경부,환경부(협회),급속(50kW),DC차데모+AC3상+DC콤보,이용가능,"35.756611,129.314047"
경상북도,상주시,경상북도 상주시 계산동 189-6,아리랑 주유소(상주시),상업시설,주유소,급속,급속(50kW),환경부,환경부(협회),급속(50kW),DC차데모+AC3상+DC콤보,이용가능,"36.42832,128.172943"
경상북도,상주시,경상북도 상주시 함창로581번지 ,승춘에너지,상업시설,주유소,급속,급속(50kW),환경부,환경부(협회),급속(50kW),DC차데모+AC3상+DC콤보,이용가능,"36.57862600,128.19132700"
경상북도,상주시,경상북도 상주시 화남면 문장로758,대동주유소,상업시설,주유소,급속,급속(50kW),환경부,환경부(협회),급속(50kW),DC차데모+AC3상+DC콤보,이용가능,"36.4806531,127.93259050"
경상북도,상주시,경상북도 상주시 영남제일로1950,S-oil LPG 상주충전소,상업시설,주유소,급속,급속(50kW),환경부,환경부(협회),급속(50kW),DC차데모+AC3상+DC콤보,이용가능,"36.41527570,128.13201360"
경상북도,상주시,경상북도 상주시 영남제일로 1273,SK SnS 만남주유소,상업시설,주유소,급속,급속(50kW),환경부,환경부(협회),급속(50kW),DC차데모+AC3상+DC콤보,이용가능,"36.41811780,128.20078070"
경상북도,상주시,경상북도 상주시 영남 제일로 1339,상산주유소,상업시설,주유소,급속,급속(50kW),환경부,환경부(협회),급속(50kW),DC차데모+AC3상+DC콤보,이용가능,"36.418211,128.193527"
경상북도,안동시,경상북도 안동시 상아동 266-2,카페에비뉴 220,상업시설,카페,급속,급속(50kW),환경부,환경부(협회),급속(50kW),DC차데모+AC3상+DC콤보,이용가능,"36.58986190,128.74220850"
경상북도,영덕군,경상북도 영덕군 병곡면 병곡리 360번지,휴네스트,상업시설,숙박시설,급속,급속(50kW),환경부,환경부(협회),급속(50kW),DC차데모+AC3상+DC콤보,이용가능,"36.60902390,129.41344410"
경상북도,구미시,경상북도 구미시 오태동659-13,구미 아리랑 주유소,상업시설,주유소,급속,급속(50kW),환경부,환경부(협회),급속(50kW),DC차데모+AC3상+DC콤보,이용가능,"36.077883,128.352893"
경상북도,예천군,경상북도 예천군 보문면 오암리 584-1,퍼빌무인텔(토담),상업시설,숙박시설,급속,급속(50kW),환경부,환경부(협회),급속(50kW),DC차데모+AC3상+DC콤보,이용가능,"36.66537230,128.52695780"
경상북도,의성군,경상북도 의성군 안계면 서부로1783,공단주유소LPG충전소,상업시설,주유소,급속,급속(50kW),환경부,환경부(협회),급속(50kW),DC차데모+AC3상+DC콤보,이용가능,"36.39144230,128.43155070"
경상북도,포항시,경상북도 포항시 남구 지곡로 83,포항공과대학교 포스빌 6동주차장,교육문화시설,학교,급속,급속(50kW),환경부,환경부(협회),급속(50kW),DC차데모+AC3상+DC콤보,이용가능,"36.014232,129.325094"
경상북도,포항시,경상북도 포항시 북구 흥해읍 초곡길36번길 30,선린대학교,교육문화시설,학교,급속,급속(50kW),환경부,환경부(협회),급속(50kW),DC차데모+AC3상+DC콤보,이용가능,"36.0898852,129.3347437"
경상북도,경주시,경상북도 경주시 천북남로 12(신평동),경주국립공원사무소,공공시설,공공기관,급속,급속(50kW),환경부,환경부(협회),급속(50kW),DC차데모+AC3상+DC콤보,이용가능,"35.843844,129.289554"
경상북도,경주시,경상북도 경주시 천북남로 12(신평동),경주국립공원사무소,공공시설,공공기관,급속,급속(50kW),환경부,환경부(협회),급속(50kW),DC차데모+AC3상+DC콤보,이용가능,"35.843844,129.289554"
경상북도,영천시,경상북도 영천시 금호읍 덕성리 44-1,금호농협클린주유소,상업시설,주유소,급속,급속(50kW),환경부,환경부(협회),급속(50kW),DC차데모+AC3상+DC콤보,이용가능,"35.925036,128.878147"
경상북도,영천시,경상북도 영천시 금호읍 교대리74,경북주유소,상업시설,주유소,급속,급속(50kW),환경부,환경부(협회),급속(50kW),DC차데모+AC3상+DC콤보,이용가능,"35.9354070,128.8731480"
경상북도,영천시,경상북도 영천시 한방로53번지,청수주유소,상업시설,주유소,급속,급속(50kW),환경부,환경부(협회),급속(50kW),DC차데모+AC3상+DC콤보,이용가능,"35.941507,128.93448"
경상북도,영천시,경상북도 영천시 천문로594,영천요양병원,근린생활시설,병원,급속,급속(50kW),환경부,환경부(협회),급속(50kW),DC차데모+AC3상+DC콤보,이용가능,"35.987732,128.924099"
경상북도,영천시,경상북도 영천시 한방로77,대어돌섬횟집,상업시설,음식점,급속,급속(50kW),환경부,환경부(협회),급속(50kW),DC차데모+AC3상+DC콤보,이용가능,"35.940494,128.936767"
경상북도,청송군,경상북도 청송군 부동면 상의리 299,주왕산국립공원 상의주차장,관광시설,공원,급속,급속(50kW),환경부,환경부(협회),급속(50kW),DC차데모+AC3상+DC콤보,이용가능,"36.390481,129.140571"
경상북도,청송군,경상북도 청송군 부동면 상의리 299,주왕산국립공원 상의주차장,관광시설,공원,급속,급속(50kW),환경부,환경부(협회),급속(50kW),DC차데모+AC3상+DC콤보,이용가능,"36.390481,129.140571"
경상북도,영주시,경상북도 영주시 풍기읍 삼가로 476,소백산국립공원 삼가주차장,관광시설,공원,급속,급속(50kW),환경부,환경부(협회),급속(50kW),DC차데모+AC3상+DC콤보,이용가능,"36.92297670,128.50367160"
경상북도,포항시,경상북도 포항시 남구 동해면 도구리 403-3,포항공항,공공시설,공공기관,급속,급속(50kW),환경부,환경부(협회),급속(50kW),DC차데모+AC3상+DC콤보,이용가능,"35.983315,129.433639"
경상북도,포항시,경상북도 포항시 남구 지곡로 247-0 (지곡동),롯데마트 포항점,상업시설,마트(쇼핑몰),급속,급속(50kW),환경부,환경부(협회),급속(50kW),DC차데모+AC3상+DC콤보,이용가능,"36.027599,129.324699"
강원특별자치도,삼척시,강원특별자치도 삼척시 도계읍 강원남부로 634,고원관광휴게소,휴게시설,쉼터,급속,급속(50kW),환경부,환경부(협회),급속(50kW),DC차데모+AC3상+DC콤보,이용가능,"37.179319,129.034777"
강원특별자치도,삼척시,강원특별자치도 삼척시 새천년도로673,삼척동해태백산림조합,기타시설,공중전화부스,급속,급속(50kW),환경부,환경부(협회),급속(50kW),DC차데모+AC3상+DC콤보,이용가능,"37.462202,129.156988"
강원특별자치도,삼척시,강원특별자치도 삼척시 수로부인길453,쏠비치호텔리조트,상업시설,숙박시설,급속,급속(50kW),환경부,환경부(협회),급속(50kW),DC차데모+AC3상+DC콤보,이용가능,"37.47236,129.164748"
강원특별자치도,속초시,강원특별자치도 속초시 노학동 298-2,SK 척산주유소,상업시설,주유소,급속,급속(50kW),환경부,환경부(협회),급속(50kW),DC차데모+AC3상+DC콤보,이용가능,"38.191348,128.559388"
강원특별자치도,태백시,강원특별자치도 태백시 강원남부로 302,GS연화주유소,상업시설,주유소,급속,급속(50kW),환경부,환경부(협회),급속(50kW),DC차데모+AC3상+DC콤보,이용가능,"37.170284,129.021718"
강원특별자치도,원주시,강원특별자치도 원주시 반곡동 2049-4,국립공원관리공단 본부,관광시설,공원,급속,급속(50kW),환경부,환경부(협회),급속(50kW),DC차데모+AC3상+DC콤보,이용가능,"37.3244333,127.9765385"
강원특별자치도,원주시,강원특별자치도 원주시 반곡동 2049-4,국립공원관리공단 본부,관광시설,공원,급속,급속(50kW),환경부,환경부(협회),급속(50kW),DC차데모+AC3상+DC콤보,이용가능,"37.3244333,127.9765385"
강원특별자치도,인제군,강원특별자치도 인제군 북면 한계리 산1-59,설악산국립공원 장수대분소,관광시설,공원,급속,급속(50kW),환경부,환경부(협회),급속(50kW),DC차데모+AC3상+DC콤보,이용가능,"38.1085599,128.3727808"
강원특별자치도,인제군,강원특별자치도 인제군 북면 한계리 산1-59,설악산국립공원 장수대분소,관광시설,공원,급속,급속(50kW),환경부,환경부(협회),급속(50kW),DC차데모+AC3상+DC콤보,이용가능,"38.1085599,128.3727808"
강원특별자치도,평창군,강원특별자치도 평창군 진부면 간평리 75-6,오대산국립공원사무소,공공시설,공공기관,급속,급속(50kW),환경부,환경부(협회),급속(50kW),DC차데모+AC3상+DC콤보,이용가능,"37.702654,128.60211"
강원특별자치도,평창군,강원특별자치도 평창군 진부면 간평리 75-6,오대산국립공원사무소,공공시설,공공기관,급속,급속(50kW),환경부,환경부(협회),급속(50kW),DC차데모+AC3상+DC콤보,이용가능,"37.702654,128.60211"
강원특별자치도,원주시,강원특별자치도 원주시 판부면 금대리 1343？ ,치악산국립공원사무소 금대분소,공공시설,공공기관,급속,급속(50kW),환경부,환경부(협회),급속(50kW),DC차데모+AC3상+DC콤보,이용가능,"37.2928318,128.0177342"
강원특별자치도,원주시,강원특별자치도 원주시 판부면 금대리 1343？ ,치악산국립공원사무소 금대분소,공공시설,공공기관,급속,급속(50kW),환경부,환경부(협회),급속(50kW),DC차데모+AC3상+DC콤보,이용가능,"37.2928318,128.0177342"
경상북도,영주시,경상북도 영주시 단산면 옥대리 산 16-1,소백산 생태탐방원,관광시설,공원,급속,급속(50kW),환경부,환경부(협회),급속(50kW),DC차데모+AC3상+DC콤보,이용가능,"36.97163970,128.60833540"
경상북도,영주시,경상북도 영주시 단산면 옥대리 산 16-1,소백산 생태탐방원,관광시설,공원,급속,급속(50kW),환경부,환경부(협회),급속(50kW),DC차데모+AC3상+DC콤보,이용가능,"36.97163970,128.60833540"
강원특별자치도,원주시,강원특별자치도 원주시 소초면 학곡리 890,치악산국립공원사무소 구룡소형주차장,주차시설,공원주차장,급속,급속(50kW),환경부,환경부(협회),급속(50kW),DC차데모+AC3상+DC콤보,이용가능,"37.4152155,128.0507974"
강원특별자치도,원주시,강원특별자치도 원주시 소초면 학곡리 890,치악산국립공원사무소 구룡소형주차장,주차시설,공원주차장,급속,급속(50kW),환경부,환경부(협회),급속(50kW),DC차데모+AC3상+DC콤보,이용가능,"37.4152155,128.0507974"
강원특별자치도,원주시,강원특별자치도 원주시 소초면 학곡리 867,치악산국립공원사무소 구룡대형주차장,주차시설,공원주차장,급속,급속(50kW),환경부,환경부(협회),급속(50kW),DC차데모+AC3상+DC콤보,이용가능,"37.4184961,128.0515924"
강원특별자치도,원주시,강원특별자치도 원주시 소초면 학곡리 867,치악산국립공원사무소 구룡대형주차장,주차시설,공원주차장,급속,급속(50kW),환경부,환경부(협회),급속(50kW),DC차데모+AC3상+DC콤보,이용가능,"37.4184961,128.0515924"
강원특별자치도,태백시,강원특별자치도 태백시 소도동326,태백산국립공원 당골제1주차장,관광시설,공원,급속,급속(50kW),환경부,환경부(협회),급속(50kW),DC차데모+AC3상+DC콤보,이용가능,"37.1199185,128.9504633"
강원특별자치도,태백시,강원특별자치도 태백시 소도동326,태백산국립공원 당골제1주차장,관광시설,공원,급속,급속(50kW),환경부,환경부(협회),급속(50kW),DC차데모+AC3상+DC콤보,이용가능,"37.1199185,128.9504633"
강원특별자치도,태백시,강원특별자치도 태백시 혈동 260-68,태백산국립공원 유일사 주차장,관광시설,공원,급속,급속(50kW),환경부,환경부(협회),급속(50kW),DC차데모+AC3상+DC콤보,이용가능,"37.120578,128.908675"
강원특별자치도,태백시,강원특별자치도 태백시 혈동 260-68,태백산국립공원 유일사 주차장,관광시설,공원,급속,급속(50kW),환경부,환경부(협회),급속(50kW),DC차데모+AC3상+DC콤보,이용가능,"37.120578,128.908675"
강원특별자치도,속초시,강원특별자치도 속초시 설악산로470-7,더케이설악산가족호텔,상업시설,숙박시설,급속,급속(50kW),환경부,환경부(협회),급속(50kW),DC차데모+AC3상+DC콤보,이용가능,"38.1661250,128.5544097"
강원특별자치도,삼척시,강원특별자치도 삼척시 근덕면 상맹방길30-80,씨스포빌,상업시설,골프장(CC),급속,급속(50kW),환경부,환경부(협회),급속(50kW),DC차데모+AC3상+DC콤보,이용가능,"37.3963403,129.2202489"
강원특별자치도,원주시,강원특별자치도 원주시 입춘로65,원주지방환경청,공공시설,공공기관,급속,급속(50kW),환경부,환경부(협회),급속(50kW),DC차데모+AC3상+DC콤보,이용가능,"37.3273594,127.9797816"
대전광역시,대덕구,대전광역시 대덕구 신탄진로556,타이어프로신탄진,차량정비시설,정비소,급속,급속(50kW),환경부,환경부(협회),급속(50kW),DC차데모+AC3상+DC콤보,이용가능,"36.428348,127.421258"
대전광역시,동구,대전광역시 동구 용운동423-22,셀프세차장(워시하우스),기타시설,공중전화부스,급속,급속(50kW),환경부,환경부(협회),급속(50kW),DC차데모+AC3상+DC콤보,이용가능,"36.327523,127.456465"
충청남도,서천군,충청남도 서천군 장항읍 송림리 755-12,GS장항솔바람점,상업시설,주유소,급속,급속(50kW),환경부,환경부(협회),급속(50kW),DC차데모+AC3상+DC콤보,이용가능,"36.0244568,126.6674793"
충청남도,태안군,충청남도 태안군 안면읍 창기리 1304-6,태안해안국립공원 삼봉주차장,관광시설,공원,급속,급속(50kW),환경부,환경부(협회),급속(50kW),DC차데모+AC3상+DC콤보,이용가능,"36.5710641,126.3165072"
충청남도,태안군,충청남도 태안군 안면읍 창기리 1304-6,태안해안국립공원 삼봉주차장,관광시설,공원,급속,급속(50kW),환경부,환경부(협회),급속(50kW),DC차데모+AC3상+DC콤보,이용가능,"36.5710641,126.3165072"
충청남도,태안군,충청남도 태안군 원북면 방갈리 515-79,태안해안국립공원 학암포야영장,관광시설,공원,급속,급속(50kW),환경부,환경부(협회),급속(50kW),DC차데모+AC3상+DC콤보,이용가능,"36.896882,126.206457"
충청남도,태안군,충청남도 태안군 원북면 방갈리 515-79,태안해안국립공원 학암포야영장,관광시설,공원,급속,급속(50kW),환경부,환경부(협회),급속(50kW),DC차데모+AC3상+DC콤보,이용가능,"36.896882,126.206457"
충청북도,진천군,충청북도 진천군 진광로487,동우주유소,상업시설,주유소,급속,급속(50kW),환경부,환경부(협회),급속(50kW),DC차데모+AC3상+DC콤보,이용가능,"36.9062681,127.4378852"
충청북도,청주시,충청북도 청주시 흥덕구 휴암동 338,푸르미스포츠센터,공공시설,지자체시설,급속,급속(50kW),환경부,환경부(협회),급속(50kW),DC차데모+AC3상+DC콤보,이용가능,"36.6218494,127.4038218"
충청북도,청주시,충청북도 청주시 흥덕구 휴암동 338,푸르미스포츠센터,공공시설,지자체시설,급속,급속(50kW),환경부,환경부(협회),급속(50kW),DC차데모+AC3상+DC콤보,이용가능,"36.6218494,127.4038218"
충청북도,청주시,충청북도 청주시 서원구 분평동 1252,청주분평동주민센터,공공시설,지자체시설,급속,급속(50kW),환경부,환경부(협회),급속(50kW),DC차데모+AC3상+DC콤보,이용가능,"36.6088391,127.4889910"
충청북도,보은군,충청북도 보은군 속리산면 법주사로 84,속리산국립공원사무소,공공시설,공공기관,급속,급속(50kW),환경부,환경부(협회),급속(50kW),DC차데모+AC3상+DC콤보,이용가능,"36.5173,127.817459"
충청북도,보은군,충청북도 보은군 속리산면 법주사로 84,속리산국립공원사무소,공공시설,공공기관,급속,급속(50kW),환경부,환경부(협회),급속(50kW),DC차데모+AC3상+DC콤보,이용가능,"36.5173,127.817459"
충청북도,괴산군,충청북도 괴산군 칠성면 쌍곡로 209,속리산국립공원사무소 쌍곡분소,공공시설,공공기관,급속,급속(50kW),환경부,환경부(협회),급속(50kW),DC차데모+AC3상+DC콤보,이용가능,"36.764339,127.888316"
충청북도,괴산군,충청북도 괴산군 칠성면 쌍곡로 209,속리산국립공원사무소 쌍곡분소,공공시설,공공기관,급속,급속(50kW),환경부,환경부(협회),급속(50kW),DC차데모+AC3상+DC콤보,이용가능,"36.764339,127.888316"
충청북도,제천시,충청북도 제천시 한수면 미륵송계로 1647,월악산국립공원사무소 송계분소,공공시설,공공기관,급속,급속(50kW),환경부,환경부(협회),급속(50kW),DC차데모+AC3상+DC콤보,이용가능,"36.887027,128.078541"
